battle_id,pokemon_a_level,pokemon_a_type,pokemon_a_attack,pokemon_b_level,pokemon_b_type,pokemon_b_hp,opp1_level,opp2_level,used_spread_move,move_name,damage_to_opp1,damage_to_opp2,spillover_damage,pokemon_b_hp_remaining,pokemon_b_fainted,partner_vulnerable,battle_won,coordination,win_prob
1,38,Normal,63,38,Water,176,42,37,1,Bulldoze,57.8,66.3,34.6,141,0,0.6,1,52.7,0.5273
2,50,Normal,77,52,Fire,207,49,54,0,Thunderbolt,52.3,0.0,0.0,207,0,0.6,0,64.1,0.5638
3,45,Fire,101,37,Grass,149,59,47,0,Ice Beam,89.6,0.0,0.0,149,0,0.6,1,35.2,0.4995
4,46,Normal,98,36,Grass,132,45,38,1,Bulldoze,86.2,69.2,39.1,93,0,0.6,1,72.4,0.5698
5,39,Ground,82,42,Water,175,28,37,1,Earthquake,63.3,60.6,90.8,84,0,1.5,1,44.4,0.4642
6,51,Ground,97,53,Grass,203,29,43,0,Body Slam,74.4,0.0,0.0,203,0,1.5,1,72.4,0.7052
7,57,Ground,103,48,Grass,163,72,51,0,Psychic,88.5,0.0,0.0,163,0,1.5,1,49.5,0.5492
8,46,Electric,73,49,Psychic,175,42,55,1,Discharge,52.5,61.6,37.8,137,0,0.6,1,40.2,0.5343
9,35,Ground,80,53,Water,226,31,49,1,Earthquake,52.8,60.1,95.0,131,0,1.5,0,48.4,0.4193
10,34,Normal,77,38,Flying,146,52,43,0,Flamethrower,91.8,0.0,0.0,146,0,0.6,0,40.9,0.4935
11,51,Normal,73,45,Fire,181,37,42,1,Bulldoze,47.0,55.1,33.4,148,0,0.6,1,18.7,0.6014
12,39,Ground,69,28,Water,110,57,33,1,Earthquake,61.8,50.2,65.9,44,0,1.5,0,54.7,0.3523
13,43,Fire,70,47,Fire,191,55,37,1,Bulldoze,52.6,49.5,31.8,159,0,0.6,1,45.8,0.5281
14,40,Electric,82,52,Psychic,150,51,45,1,Discharge,69.1,67.0,33.6,116,0,0.6,1,44.3,0.5608
15,42,Ground,82,50,Fire,182,61,60,1,Earthquake,44.3,70.6,105.7,76,0,1.5,0,63.5,0.2774
16,44,Fire,91,38,Water,146,44,40,0,Flamethrower,65.3,0.0,0.0,146,0,0.6,1,24.9,0.5514
17,37,Electric,76,38,Grass,165,54,41,0,Body Slam,65.3,0.0,0.0,165,0,0.6,1,48.8,0.4754
18,46,Ground,95,62,Psychic,218,43,46,0,Thunderbolt,91.1,0.0,0.0,218,0,1.5,1,75.3,0.6858
19,34,Electric,68,51,Fire,183,42,46,0,Body Slam,79.7,0.0,0.0,183,0,0.6,0,42.6,0.5692
20,29,Water,66,33,Flying,152,37,61,1,Surf,46.9,26.6,28.8,123,0,0.6,0,54.0,0.3429
21,61,Ground,94,40,Water,160,33,47,0,Flamethrower,94.6,0.0,0.0,160,0,1.5,1,33.1,0.6885
22,34,Fire,69,49,Psychic,183,38,60,0,Ice Beam,86.4,0.0,0.0,183,0,0.6,0,33.4,0.5305
23,44,Fire,91,22,Flying,157,63,38,1,Bulldoze,77.8,71.6,43.5,114,0,0.6,1,50.3,0.4054
24,54,Water,120,39,Flying,152,48,36,0,Thunderbolt,145.8,0.0,0.0,152,0,0.6,1,34.7,0.6961
25,58,Electric,100,59,Psychic,210,49,31,1,Discharge,87.4,65.0,30.9,179,0,0.6,1,42.6,0.7489
26,37,Electric,63,56,Grass,206,59,44,1,Discharge,34.6,65.8,28.4,178,0,0.6,0,66.6,0.5082
27,28,Fire,74,39,Flying,152,40,28,0,Ice Beam,62.8,0.0,0.0,152,0,0.6,1,82.9,0.5334
28,49,Water,85,41,Water,158,43,45,0,Flamethrower,51.1,0.0,0.0,158,0,0.6,1,24.6,0.5586
29,58,Water,85,63,Flying,190,53,43,1,Surf,52.1,55.3,37.6,152,0,0.6,0,44.4,0.655
30,42,Normal,93,42,Psychic,160,57,46,1,Bulldoze,72.7,77.4,52.8,107,0,0.6,1,21.0,0.4644
31,35,Normal,73,57,Flying,190,74,39,0,Ice Beam,45.1,0.0,0.0,190,0,0.6,0,46.5,0.4677
32,32,Normal,74,50,Grass,179,46,32,1,Bulldoze,53.7,53.5,31.8,147,0,0.6,0,28.0,0.5469
33,41,Electric,73,50,Grass,184,64,42,1,Discharge,70.9,62.6,45.2,139,0,0.6,0,42.6,0.4864
34,36,Normal,71,49,Psychic,183,37,52,1,Bulldoze,54.5,49.3,25.6,157,0,0.6,1,36.5,0.532
35,44,Ground,70,57,Fire,193,43,46,1,Earthquake,39.4,45.1,76.8,116,0,1.5,1,46.8,0.46
36,48,Fire,86,52,Psychic,186,46,54,1,Bulldoze,59.6,75.3,33.2,153,0,0.6,0,45.2,0.5848
37,59,Fire,91,46,Flying,163,56,44,0,Thunderbolt,111.4,0.0,0.0,163,0,0.6,1,56.4,0.6586
38,38,Ground,83,36,Fire,130,28,40,1,Earthquake,65.6,80.5,88.9,41,0,1.5,0,29.8,0.4505
39,46,Water,105,45,Grass,169,37,44,1,Surf,87.7,90.1,47.2,122,0,0.6,0,68.3,0.6276
40,48,Fire,87,58,Flying,201,58,50,0,Psychic,63.2,0.0,0.0,201,0,0.6,0,89.9,0.5783
41,39,Fire,88,49,Fire,181,50,39,0,Body Slam,96.2,0.0,0.0,181,0,0.6,1,45.3,0.6001
42,44,Ground,68,54,Grass,209,43,57,1,Earthquake,67.5,53.7,80.6,128,0,1.5,0,9.8,0.4403
43,43,Water,77,36,Grass,158,52,55,0,Flamethrower,62.7,0.0,0.0,158,0,0.6,0,41.0,0.4473
44,35,Fire,75,35,Fire,145,41,56,0,Flamethrower,81.0,0.0,0.0,145,0,0.6,0,54.0,0.4626
45,36,Water,72,30,Fire,150,23,43,1,Surf,59.2,62.5,76.0,74,0,1.5,0,20.1,0.4203
46,33,Normal,69,65,Grass,198,53,44,1,Bulldoze,64.9,65.3,27.3,171,0,0.6,1,54.8,0.5946
47,33,Fire,61,29,Fire,135,25,30,1,Bulldoze,39.3,66.2,17.8,117,0,0.6,0,33.5,0.5657
48,47,Normal,91,53,Flying,196,46,49,1,Bulldoze,65.2,57.5,33.0,163,0,0.6,1,54.9,0.5887
49,66,Ground,98,42,Psychic,172,47,44,1,Earthquake,83.6,68.1,93.7,78,0,1.5,0,61.1,0.5291
50,37,Water,98,51,Water,170,46,33,1,Surf,66.5,60.2,42.6,127,0,0.6,0,60.7,0.5702
51,51,Normal,90,65,Fire,229,45,26,0,Psychic,77.1,0.0,0.0,229,0,0.6,1,79.5,0.7578
52,27,Water,72,48,Fire,196,64,31,1,Surf,57.1,46.1,83.8,112,0,1.5,0,39.9,0.3215
53,50,Electric,92,59,Flying,225,35,42,0,Flamethrower,76.3,0.0,0.0,225,0,0.6,1,55.0,0.7123
54,43,Fire,89,43,Psychic,164,52,43,0,Flamethrower,107.8,0.0,0.0,164,0,0.6,1,52.5,0.5827
55,50,Electric,99,29,Fire,133,34,59,0,Body Slam,107.5,0.0,0.0,133,0,0.6,0,42.8,0.5554
56,29,Water,58,50,Fire,175,50,31,0,Body Slam,64.8,0.0,0.0,175,0,1.5,0,41.7,0.5471
57,54,Fire,94,50,Flying,167,53,40,0,Thunderbolt,90.4,0.0,0.0,167,0,0.6,1,50.0,0.6541
58,31,Ground,81,13,Flying,105,52,38,0,Psychic,79.6,0.0,0.0,105,0,0.0,1,61.9,0.3608
59,63,Fire,100,39,Fire,170,46,47,1,Bulldoze,90.7,67.1,41.5,128,0,0.6,0,72.8,0.6269
60,43,Normal,76,31,Water,120,43,47,1,Bulldoze,64.4,48.7,29.8,90,0,0.6,1,70.3,0.4744
61,37,Normal,82,37,Water,172,45,38,0,Ice Beam,73.7,0.0,0.0,172,0,0.6,1,34.8,0.5259
62,42,Fire,95,40,Grass,164,38,38,0,Flamethrower,78.3,0.0,0.0,164,0,0.6,1,50.3,0.5966
63,54,Ground,99,45,Flying,154,28,62,0,Ice Beam,90.7,0.0,0.0,154,0,0.0,1,37.6,0.6419
64,41,Normal,71,49,Flying,179,58,42,0,Psychic,53.4,0.0,0.0,179,0,0.6,1,46.8,0.5167
65,52,Water,103,37,Grass,132,42,48,1,Surf,64.2,97.4,41.3,91,0,0.6,0,67.8,0.5805
66,65,Water,110,17,Psychic,142,49,47,1,Surf,57.5,86.5,53.6,88,0,0.6,0,79.4,0.471
67,16,Fire,80,75,Fire,207,46,62,0,Ice Beam,54.0,0.0,0.0,207,0,0.6,1,30.1,0.4925
68,29,Water,72,52,Psychic,179,43,34,0,Thunderbolt,62.3,0.0,0.0,179,0,0.6,1,54.9,0.5687
69,45,Water,101,34,Flying,120,45,39,0,Psychic,99.9,0.0,0.0,120,0,0.6,1,42.3,0.5792
70,65,Ground,110,46,Flying,168,51,51,0,Ice Beam,101.5,0.0,0.0,168,0,0.0,1,62.0,0.6676
71,47,Electric,84,59,Flying,210,48,57,1,Discharge,52.2,54.2,46.3,164,0,0.6,0,55.9,0.5285
72,39,Normal,66,37,Fire,168,53,49,0,Body Slam,44.1,0.0,0.0,168,0,0.6,1,51.6,0.4281
73,38,Electric,78,48,Fire,174,52,61,0,Psychic,62.2,0.0,0.0,174,0,0.6,0,72.9,0.4591
74,50,Fire,86,51,Fire,181,37,42,0,Flamethrower,104.3,0.0,0.0,181,0,0.6,1,56.4,0.7019
75,51,Fire,103,42,Grass,161,28,47,0,Ice Beam,87.1,0.0,0.0,161,0,0.6,1,34.4,0.6616
76,59,Electric,95,63,Flying,213,28,32,0,Flamethrower,92.4,0.0,0.0,213,0,0.6,1,33.8,0.8179
77,52,Normal,81,64,Psychic,214,58,43,0,Flamethrower,97.9,0.0,0.0,214,0,0.6,1,54.5,0.6888
78,51,Water,79,34,Fire,138,61,39,0,Flamethrower,64.3,0.0,0.0,138,0,1.5,1,38.8,0.5054
79,34,Fire,62,35,Water,128,47,58,1,Bulldoze,40.5,47.1,18.9,109,0,0.6,1,42.3,0.3903
80,39,Ground,71,62,Water,215,44,46,1,Earthquake,61.8,47.7,68.4,147,0,1.5,0,33.8,0.5084
81,58,Water,106,37,Water,180,39,48,0,Thunderbolt,86.0,0.0,0.0,180,0,0.6,1,64.6,0.6283
82,67,Ground,106,42,Flying,179,41,23,0,Psychic,108.0,0.0,0.0,179,0,0.0,1,57.8,0.779
83,49,Electric,108,51,Fire,192,50,50,1,Discharge,93.0,81.8,53.2,139,0,0.6,0,87.1,0.5847
84,47,Electric,91,42,Flying,173,28,41,1,Discharge,95.7,45.0,39.1,134,0,0.6,1,42.1,0.6359
85,45,Water,78,45,Water,153,37,47,1,Surf,30.5,33.9,44.9,108,0,0.6,1,55.6,0.4783
86,37,Normal,81,51,Fire,173,41,49,0,Thunderbolt,78.3,0.0,0.0,173,0,0.6,0,56.3,0.5748
87,46,Fire,87,38,Grass,148,58,32,0,Thunderbolt,95.7,0.0,0.0,148,0,0.6,0,61.3,0.5765
88,53,Ground,81,63,Fire,214,55,52,1,Earthquake,41.0,50.0,88.6,125,0,1.5,1,58.3,0.4462
89,34,Normal,87,75,Flying,238,41,49,1,Bulldoze,71.1,81.4,27.0,211,0,0.6,1,67.4,0.6948
90,30,Ground,90,47,Flying,189,42,52,0,Body Slam,87.5,0.0,0.0,189,0,0.0,1,34.3,0.5169
91,53,Normal,93,28,Psychic,131,33,40,0,Psychic,116.4,0.0,0.0,131,0,0.6,1,46.9,0.6473
92,46,Electric,83,43,Grass,150,67,44,1,Discharge,65.7,80.7,42.6,107,0,0.6,0,54.1,0.4803
93,31,Normal,75,46,Water,177,51,37,0,Ice Beam,63.2,0.0,0.0,177,0,0.6,1,56.0,0.509
94,48,Ground,96,53,Water,188,49,56,0,Ice Beam,105.6,0.0,0.0,188,0,1.5,1,27.2,0.6161
95,36,Ground,90,43,Water,153,51,46,1,Earthquake,57.9,68.7,97.6,55,0,1.5,0,49.0,0.3278
96,35,Water,71,42,Flying,160,56,50,0,Thunderbolt,75.2,0.0,0.0,160,0,0.6,0,34.1,0.4566
97,37,Normal,97,29,Water,135,44,47,1,Bulldoze,76.4,80.7,43.2,92,0,0.6,0,56.4,0.4523
98,40,Normal,87,34,Grass,146,42,35,0,Body Slam,77.3,0.0,0.0,146,0,0.6,1,45.3,0.5527
99,39,Ground,78,45,Fire,152,37,38,1,Earthquake,47.7,54.9,82.0,70,0,1.5,0,75.9,0.4373
100,33,Ground,73,41,Fire,194,42,61,0,Flamethrower,64.8,0.0,0.0,194,0,1.5,0,45.5,0.44
101,43,Water,91,52,Flying,187,60,49,0,Psychic,83.5,0.0,0.0,187,0,0.6,1,72.4,0.5455
102,44,Electric,76,40,Grass,160,46,27,1,Discharge,60.4,55.2,30.2,130,0,0.6,0,34.0,0.5893
103,51,Fire,89,58,Flying,212,58,45,1,Bulldoze,78.6,60.7,37.4,175,0,0.6,1,66.5,0.6124
104,46,Water,83,27,Grass,156,47,53,1,Surf,79.1,44.4,36.4,120,0,0.6,0,37.7,0.4289
105,36,Electric,67,32,Grass,133,48,53,0,Psychic,76.9,0.0,0.0,133,0,0.6,0,47.6,0.4328
106,44,Electric,96,50,Grass,183,41,23,1,Discharge,82.1,56.7,46.7,136,0,0.6,1,66.7,0.6563
107,40,Fire,80,43,Fire,161,29,38,0,Thunderbolt,100.5,0.0,0.0,161,0,0.6,1,38.0,0.6587
108,34,Electric,91,49,Grass,171,24,49,0,Flamethrower,82.1,0.0,0.0,171,0,0.6,1,61.9,0.6167
109,48,Water,91,59,Psychic,196,33,44,0,Ice Beam,74.4,0.0,0.0,196,0,0.6,1,55.4,0.702
110,39,Normal,74,65,Psychic,214,42,40,1,Bulldoze,57.7,51.3,31.3,183,0,0.6,1,34.2,0.6415
111,66,Electric,89,50,Fire,190,57,49,1,Discharge,78.8,74.5,32.4,158,0,0.6,1,29.1,0.6621
112,47,Ground,80,40,Fire,162,18,42,1,Earthquake,70.8,79.6,88.7,73,0,1.5,1,64.1,0.5511
113,47,Normal,103,30,Fire,140,56,43,0,Body Slam,122.6,0.0,0.0,140,0,0.6,1,47.6,0.5419
114,50,Fire,91,56,Flying,207,47,72,0,Ice Beam,69.9,0.0,0.0,207,0,0.6,1,46.9,0.546
115,23,Ground,52,45,Flying,161,35,44,0,Flamethrower,45.4,0.0,0.0,161,0,0.0,0,49.5,0.4755
116,54,Normal,99,40,Psychic,169,33,52,0,Body Slam,90.6,0.0,0.0,169,0,0.6,1,28.6,0.636
117,43,Normal,56,40,Flying,154,52,55,0,Body Slam,60.3,0.0,0.0,154,0,0.6,0,70.0,0.4642
118,61,Fire,105,48,Fire,158,54,37,1,Bulldoze,66.7,64.4,51.0,107,0,0.6,1,40.4,0.6131
119,53,Normal,61,35,Grass,149,40,51,0,Psychic,36.3,0.0,0.0,149,0,0.6,0,50.2,0.5191
120,37,Fire,97,53,Grass,211,35,48,1,Bulldoze,72.3,67.8,43.3,168,0,0.6,0,33.7,0.5799
121,42,Fire,76,34,Grass,180,41,35,1,Bulldoze,51.3,61.2,57.3,123,0,0.6,0,61.7,0.4674
122,40,Normal,92,55,Grass,220,65,46,1,Bulldoze,81.9,60.4,40.4,180,0,0.6,0,65.4,0.5106
123,59,Water,112,39,Flying,144,55,51,1,Surf,85.2,69.0,41.4,103,0,0.6,0,45.7,0.5565
124,53,Normal,90,33,Water,114,37,53,1,Bulldoze,68.8,89.4,32.5,82,0,0.6,0,66.7,0.5832
125,45,Normal,81,39,Flying,191,32,36,1,Bulldoze,83.4,58.2,40.0,151,0,0.6,0,73.4,0.6149
126,42,Fire,85,44,Water,198,20,38,0,Body Slam,83.1,0.0,0.0,198,0,0.6,1,59.6,0.6825
127,41,Electric,97,56,Fire,241,37,59,1,Discharge,68.9,86.1,32.3,209,0,0.6,0,37.0,0.6111
128,50,Electric,99,20,Fire,130,61,44,0,Psychic,89.2,0.0,0.0,130,0,0.6,0,41.1,0.443
129,52,Water,88,58,Psychic,159,46,46,1,Surf,70.2,35.5,41.0,118,0,0.6,1,30.4,0.6079
130,52,Electric,93,21,Psychic,152,36,30,1,Discharge,59.6,68.3,37.9,114,0,0.6,1,42.0,0.5574
131,42,Electric,101,37,Grass,134,35,48,1,Discharge,71.9,75.5,41.7,92,0,0.6,1,54.7,0.5387
132,50,Water,98,47,Water,159,41,49,0,Flamethrower,103.2,0.0,0.0,159,0,0.6,0,49.1,0.647
133,58,Water,101,19,Psychic,140,33,33,1,Surf,83.8,81.1,51.1,89,0,0.6,0,31.1,0.5899
134,35,Fire,86,46,Grass,168,42,52,1,Bulldoze,58.7,74.9,42.9,125,0,0.6,0,29.6,0.4873
135,50,Electric,103,46,Grass,191,51,45,1,Discharge,68.8,51.4,49.6,141,0,0.6,0,54.5,0.5212
136,52,Normal,79,26,Psychic,114,44,59,0,Ice Beam,61.3,0.0,0.0,114,0,0.6,1,44.9,0.4555
137,33,Electric,77,70,Water,232,63,35,0,Flamethrower,68.9,0.0,0.0,232,0,2.0,0,50.0,0.6069
138,59,Electric,93,53,Flying,182,55,48,0,Ice Beam,101.4,0.0,0.0,182,0,0.6,1,36.1,0.6686
139,54,Ground,95,44,Fire,172,48,38,0,Ice Beam,71.2,0.0,0.0,172,0,1.5,1,52.8,0.6285
140,53,Normal,105,38,Water,170,47,36,1,Bulldoze,57.9,104.9,49.8,120,0,0.6,1,40.9,0.5965
141,33,Water,76,43,Water,191,55,36,1,Surf,51.0,39.3,23.7,167,0,0.6,1,58.5,0.4674
142,32,Normal,77,38,Fire,133,37,64,0,Thunderbolt,81.1,0.0,0.0,133,0,0.6,1,54.2,0.4478
143,45,Fire,89,32,Flying,158,54,56,1,Bulldoze,77.1,69.1,40.0,118,0,0.6,0,64.2,0.4307
144,53,Fire,98,54,Psychic,188,60,54,0,Body Slam,82.6,0.0,0.0,188,0,0.6,1,38.7,0.5849
145,36,Fire,66,35,Flying,134,45,28,1,Bulldoze,52.4,49.5,32.7,101,0,0.6,0,62.4,0.5019
146,25,Normal,76,51,Flying,152,47,36,1,Bulldoze,45.7,70.8,27.6,124,0,0.6,0,45.0,0.5204
147,68,Fire,89,48,Fire,181,60,54,1,Bulldoze,57.4,82.1,51.6,129,0,0.6,1,71.6,0.5724
148,46,Fire,84,46,Fire,192,37,39,1,Bulldoze,61.8,71.0,48.6,143,0,0.6,1,26.8,0.5934
149,43,Electric,68,59,Psychic,161,43,44,1,Discharge,44.0,54.3,17.7,143,0,0.6,1,67.9,0.634
150,45,Electric,85,49,Grass,180,36,49,1,Discharge,50.2,53.6,48.7,131,0,0.6,0,83.2,0.5342
151,31,Fire,58,41,Grass,156,46,50,0,Psychic,59.4,0.0,0.0,156,0,0.6,0,19.3,0.4494
152,47,Fire,89,57,Psychic,197,48,59,1,Bulldoze,80.1,73.7,42.8,154,0,0.6,1,40.4,0.5783
153,45,Water,87,50,Psychic,208,31,29,1,Surf,38.0,52.3,35.3,173,0,0.6,1,48.3,0.6453
154,42,Electric,91,49,Water,184,48,27,1,Discharge,42.8,78.2,144.2,40,0,2.0,0,51.4,0.3448
155,23,Ground,64,37,Grass,156,37,40,1,Earthquake,38.9,29.0,69.0,87,0,1.5,0,64.3,0.3089
156,43,Normal,95,54,Water,178,57,37,1,Bulldoze,54.5,68.2,33.0,145,0,0.6,1,70.7,0.5777
157,36,Normal,71,47,Water,141,15,33,1,Bulldoze,31.4,53.1,21.8,119,0,0.6,0,53.6,0.6558
158,37,Fire,80,49,Water,187,24,61,0,Psychic,84.1,0.0,0.0,187,0,0.6,0,42.3,0.5904
159,44,Electric,75,59,Flying,189,49,54,0,Thunderbolt,77.8,0.0,0.0,189,0,0.6,1,47.3,0.5996
160,52,Fire,90,48,Psychic,152,71,34,0,Psychic,96.6,0.0,0.0,152,0,0.6,0,54.1,0.6006
161,65,Fire,109,40,Fire,193,37,47,0,Thunderbolt,87.7,0.0,0.0,193,0,0.6,0,46.2,0.6854
162,34,Fire,86,39,Flying,139,36,44,0,Body Slam,95.8,0.0,0.0,139,0,0.6,1,54.5,0.5595
163,51,Fire,90,43,Fire,156,70,51,1,Bulldoze,68.7,68.3,28.0,128,0,0.6,0,52.8,0.4925
164,50,Ground,95,41,Psychic,193,25,34,0,Body Slam,103.9,0.0,0.0,193,0,1.5,1,68.8,0.722
165,40,Normal,66,35,Psychic,160,45,42,0,Flamethrower,63.9,0.0,0.0,160,0,0.6,1,43.2,0.5036
166,42,Normal,85,35,Grass,149,37,40,1,Bulldoze,57.8,64.3,34.0,115,0,0.6,1,38.3,0.5388
167,40,Ground,84,50,Psychic,171,40,49,1,Earthquake,63.8,40.3,102.5,68,0,1.5,0,47.2,0.3683
168,48,Fire,86,51,Flying,164,57,51,0,Flamethrower,92.0,0.0,0.0,164,0,0.6,1,64.1,0.5793
169,56,Normal,111,49,Grass,209,41,38,1,Bulldoze,62.0,109.1,50.7,158,0,0.6,0,57.8,0.6821
170,40,Fire,72,36,Fire,169,49,62,1,Bulldoze,73.5,47.5,27.8,141,0,0.6,1,53.5,0.4212
171,53,Electric,84,45,Flying,163,35,42,0,Thunderbolt,101.7,0.0,0.0,163,0,0.6,1,51.3,0.6929
172,28,Fire,77,53,Fire,177,36,45,0,Psychic,77.2,0.0,0.0,177,0,0.6,1,54.2,0.5722
173,37,Ground,90,55,Water,193,47,55,0,Body Slam,92.3,0.0,0.0,193,0,1.5,0,32.4,0.5675
174,43,Normal,110,51,Grass,195,46,58,0,Ice Beam,119.5,0.0,0.0,195,0,0.6,1,49.2,0.6029
175,36,Fire,92,34,Fire,148,51,40,0,Ice Beam,74.1,0.0,0.0,148,0,0.6,1,33.5,0.4764
176,41,Electric,88,19,Water,116,53,63,1,Discharge,65.0,53.9,146.3,0,1,2.0,0,33.5,0.0986
177,49,Normal,88,46,Grass,165,56,38,0,Body Slam,105.6,0.0,0.0,165,0,0.6,1,52.2,0.6267
178,45,Electric,74,39,Grass,163,37,49,1,Discharge,32.7,71.1,28.4,135,0,0.6,1,63.2,0.5312
179,57,Electric,89,38,Fire,153,45,30,1,Discharge,77.1,72.7,41.9,111,0,0.6,1,80.5,0.6468
180,35,Fire,79,37,Grass,148,43,46,0,Body Slam,67.1,0.0,0.0,148,0,0.6,1,63.9,0.4851
181,62,Electric,106,27,Fire,127,60,60,0,Body Slam,96.2,0.0,0.0,127,0,0.6,1,71.6,0.4903
182,52,Electric,96,46,Grass,162,41,48,1,Discharge,67.8,92.9,45.0,117,0,0.6,0,68.4,0.6174
183,49,Electric,89,46,Water,167,36,36,1,Discharge,86.1,70.7,136.6,30,0,2.0,0,69.0,0.4349
184,53,Fire,90,42,Water,149,49,37,1,Bulldoze,66.4,67.6,38.1,111,0,0.6,1,49.0,0.5984
185,41,Fire,74,48,Fire,210,28,37,1,Bulldoze,49.7,56.0,40.0,170,0,0.6,0,34.0,0.6067
186,36,Fire,91,49,Grass,171,38,48,0,Thunderbolt,102.7,0.0,0.0,171,0,0.6,1,66.9,0.6043
187,40,Fire,79,63,Fire,215,41,50,0,Flamethrower,63.2,0.0,0.0,215,0,0.6,0,49.7,0.625
188,55,Normal,112,37,Flying,134,52,47,0,Ice Beam,105.3,0.0,0.0,134,0,0.6,1,50.5,0.5942
189,37,Ground,88,40,Fire,149,46,37,0,Body Slam,67.3,0.0,0.0,149,0,1.5,1,44.3,0.5328
190,60,Normal,79,49,Grass,190,53,56,1,Bulldoze,55.0,52.7,41.2,149,0,0.6,1,41.1,0.5428
191,54,Electric,93,47,Fire,152,53,42,0,Body Slam,92.4,0.0,0.0,152,0,0.6,1,48.5,0.6358
192,56,Normal,95,29,Psychic,138,44,57,1,Bulldoze,72.4,57.4,42.2,96,0,0.6,1,59.6,0.478
193,36,Ground,85,29,Fire,159,34,52,0,Psychic,73.0,0.0,0.0,159,0,1.5,0,78.4,0.4688
194,25,Normal,81,58,Grass,173,47,57,0,Ice Beam,77.0,0.0,0.0,173,0,0.6,1,64.4,0.4963
195,45,Water,80,39,Flying,148,46,46,0,Thunderbolt,88.7,0.0,0.0,148,0,0.6,1,41.1,0.5606
196,54,Normal,85,34,Flying,127,41,30,1,Bulldoze,51.7,62.1,32.0,95,0,0.6,0,72.2,0.6092
197,39,Ground,75,23,Water,106,47,37,1,Earthquake,49.1,83.0,92.0,14,0,1.5,1,40.2,0.3144
198,48,Electric,114,50,Flying,187,60,69,1,Discharge,85.8,76.5,37.7,149,0,0.6,0,63.4,0.4899
199,54,Ground,94,35,Fire,159,43,43,0,Thunderbolt,93.2,0.0,0.0,159,0,1.5,1,42.1,0.6121
200,24,Fire,57,48,Water,169,34,71,0,Ice Beam,71.1,0.0,0.0,169,0,0.6,1,56.2,0.4306
201,41,Ground,74,50,Fire,181,30,44,1,Earthquake,53.3,44.2,84.9,96,0,1.5,1,72.2,0.4622
202,36,Ground,94,40,Water,156,44,60,0,Body Slam,99.6,0.0,0.0,156,0,1.5,1,56.4,0.4895
203,67,Normal,120,40,Fire,139,36,35,1,Bulldoze,99.1,81.7,46.8,92,0,0.6,1,54.6,0.7332
204,48,Electric,82,53,Flying,173,40,51,0,Body Slam,97.1,0.0,0.0,173,0,0.6,0,48.5,0.6549
205,56,Normal,80,52,Water,191,25,45,1,Bulldoze,33.5,65.5,35.8,155,0,0.6,0,81.4,0.6785
206,48,Normal,85,58,Water,209,62,47,0,Ice Beam,91.1,0.0,0.0,209,0,0.6,0,68.7,0.6084
207,60,Water,101,37,Grass,168,19,41,0,Thunderbolt,87.8,0.0,0.0,168,0,0.6,1,34.6,0.7269
208,59,Water,108,38,Grass,194,55,42,0,Ice Beam,130.7,0.0,0.0,194,0,0.6,1,32.3,0.6544
209,48,Water,83,31,Water,163,44,48,1,Surf,67.1,67.7,27.4,136,0,0.6,0,48.4,0.525
210,43,Water,92,39,Grass,159,49,61,0,Thunderbolt,74.5,0.0,0.0,159,0,0.6,0,41.4,0.4657
211,56,Ground,84,35,Water,178,50,50,1,Earthquake,59.1,43.9,84.7,93,0,1.5,1,69.4,0.3747
212,53,Electric,88,44,Water,177,49,58,0,Body Slam,76.9,0.0,0.0,177,0,2.0,0,39.4,0.5547
213,38,Normal,82,41,Fire,160,45,68,1,Bulldoze,64.6,58.2,32.0,128,0,0.6,1,38.7,0.4204
214,25,Water,64,30,Flying,122,36,24,0,Psychic,90.2,0.0,0.0,122,0,0.6,0,64.0,0.5377
215,56,Fire,117,38,Fire,164,37,53,1,Bulldoze,96.2,93.4,48.6,115,0,0.6,0,24.9,0.6206
216,41,Ground,74,45,Fire,147,31,49,1,Earthquake,63.0,44.5,76.2,71,0,1.5,0,19.4,0.4491
217,41,Normal,71,47,Psychic,171,41,49,1,Bulldoze,36.3,47.5,34.6,136,0,0.6,1,57.3,0.4958
218,38,Ground,90,57,Water,191,47,45,0,Body Slam,92.4,0.0,0.0,191,0,1.5,1,29.6,0.6182
219,63,Electric,93,36,Water,172,51,41,1,Discharge,68.7,63.7,129.0,43,0,2.0,0,50.3,0.371
220,59,Normal,89,40,Psychic,172,42,60,1,Bulldoze,78.0,71.9,42.1,130,0,0.6,0,77.1,0.5692
221,51,Fire,105,52,Fire,183,45,63,1,Bulldoze,65.8,91.2,60.0,123,0,0.6,0,74.8,0.5312
222,42,Ground,82,44,Water,195,40,42,1,Earthquake,72.4,53.3,98.3,97,0,1.5,0,49.8,0.4099
223,40,Water,79,33,Water,136,40,57,1,Surf,56.6,68.5,42.7,93,0,0.6,1,55.5,0.4264
224,57,Normal,88,60,Grass,189,62,54,0,Flamethrower,92.4,0.0,0.0,189,0,0.6,0,72.9,0.6369
225,32,Water,91,49,Flying,178,56,42,0,Thunderbolt,106.9,0.0,0.0,178,0,0.6,0,33.4,0.546
226,56,Fire,81,34,Flying,159,66,40,1,Bulldoze,47.0,76.3,27.1,132,0,0.6,0,42.1,0.5139
227,56,Water,102,17,Fire,150,54,64,0,Psychic,101.6,0.0,0.0,150,0,1.5,0,45.3,0.4251
228,35,Electric,72,52,Flying,187,35,63,1,Discharge,32.4,56.4,22.9,164,0,0.6,1,46.8,0.4963
229,40,Electric,77,40,Psychic,147,49,25,0,Thunderbolt,94.5,0.0,0.0,147,0,0.6,0,55.3,0.6136
230,42,Normal,72,51,Fire,158,37,49,1,Bulldoze,73.2,62.0,29.7,128,0,0.6,0,51.7,0.6104
231,43,Water,67,46,Water,183,46,51,1,Surf,50.3,54.3,20.2,163,0,0.6,1,59.7,0.5364
232,55,Water,80,45,Water,198,44,48,1,Surf,39.6,69.5,32.6,165,0,0.6,0,35.1,0.5841
233,49,Fire,97,51,Flying,176,60,36,1,Bulldoze,71.8,100.5,34.0,142,0,0.6,1,31.4,0.6414
234,59,Electric,103,34,Flying,151,52,40,0,Psychic,93.8,0.0,0.0,151,0,0.6,0,26.7,0.6104
235,53,Water,89,34,Fire,133,48,50,0,Body Slam,96.0,0.0,0.0,133,0,1.5,1,40.8,0.5622
236,35,Ground,74,30,Flying,129,55,54,0,Psychic,56.7,0.0,0.0,129,0,0.0,1,51.9,0.3655
237,30,Normal,94,49,Flying,186,44,47,1,Bulldoze,71.4,73.8,51.1,135,0,0.6,1,68.2,0.4825
238,35,Ground,86,36,Fire,182,54,43,1,Earthquake,49.9,43.6,95.0,87,0,1.5,0,43.8,0.2655
239,38,Water,71,35,Grass,150,57,61,1,Surf,43.5,46.0,21.2,129,0,0.6,0,53.1,0.3602
240,49,Electric,75,53,Grass,155,49,55,0,Body Slam,73.1,0.0,0.0,155,0,0.6,0,40.8,0.5855
241,58,Electric,103,46,Flying,184,49,66,0,Thunderbolt,96.3,0.0,0.0,184,0,0.6,1,10.9,0.5833
242,40,Electric,93,51,Water,175,30,43,1,Discharge,87.8,78.2,146.6,28,0,2.0,0,26.5,0.3987
243,45,Normal,91,55,Water,205,44,58,0,Flamethrower,76.6,0.0,0.0,205,0,0.6,1,68.3,0.5873
244,40,Electric,71,40,Water,163,29,34,0,Ice Beam,63.8,0.0,0.0,163,0,2.0,1,38.9,0.6163
245,38,Fire,68,49,Grass,198,61,51,0,Flamethrower,82.6,0.0,0.0,198,0,0.6,0,54.4,0.4933
246,60,Electric,90,36,Water,187,51,64,0,Body Slam,83.9,0.0,0.0,187,0,2.0,1,32.9,0.5286
247,47,Fire,86,51,Fire,159,53,41,1,Bulldoze,55.4,84.6,37.1,122,0,0.6,1,41.7,0.5936
248,17,Normal,61,63,Psychic,202,51,63,1,Bulldoze,56.9,48.6,18.1,184,0,0.6,1,46.6,0.4345
249,40,Electric,87,63,Grass,176,60,29,0,Thunderbolt,78.2,0.0,0.0,176,0,0.6,0,29.2,0.6493
250,41,Water,89,34,Water,134,38,54,1,Surf,58.6,53.9,50.4,84,0,0.6,0,27.3,0.4203
251,57,Electric,98,44,Fire,148,55,40,1,Discharge,79.6,85.3,32.9,115,0,0.6,1,46.5,0.6435
252,50,Normal,102,57,Grass,184,22,68,1,Bulldoze,81.7,70.0,55.3,129,0,0.6,1,71.0,0.6214
253,44,Ground,73,43,Water,160,49,33,0,Thunderbolt,77.7,0.0,0.0,160,0,1.5,0,46.2,0.5983
254,47,Electric,98,49,Flying,171,46,55,0,Flamethrower,101.6,0.0,0.0,171,0,0.6,1,59.9,0.6018
255,49,Fire,72,57,Psychic,181,55,44,0,Psychic,65.7,0.0,0.0,181,0,0.6,0,41.5,0.6138
256,73,Normal,107,47,Water,176,42,46,0,Psychic,97.7,0.0,0.0,176,0,0.6,1,57.7,0.7443
257,45,Normal,108,55,Grass,202,33,32,0,Flamethrower,127.3,0.0,0.0,202,0,0.6,1,65.3,0.7616
258,37,Water,74,54,Water,195,37,48,0,Ice Beam,102.2,0.0,0.0,195,0,0.6,0,67.7,0.6355
259,58,Fire,91,45,Grass,173,40,44,1,Bulldoze,85.0,76.1,34.5,138,0,0.6,1,15.1,0.6815
260,58,Water,91,42,Flying,159,36,41,1,Surf,53.2,72.3,26.5,132,0,0.6,1,43.3,0.6698
261,55,Electric,80,39,Flying,133,47,42,1,Discharge,52.0,85.3,33.7,99,0,0.6,1,61.1,0.5974
262,65,Electric,100,40,Grass,144,58,37,1,Discharge,93.4,91.4,32.6,111,0,0.6,1,63.3,0.6842
263,28,Ground,75,35,Grass,142,35,38,1,Earthquake,36.2,54.7,92.4,50,0,1.5,0,70.0,0.3091
264,41,Water,88,42,Flying,172,46,54,1,Surf,79.4,64.3,50.3,122,0,0.6,1,63.9,0.4689
265,54,Fire,94,41,Fire,163,63,40,1,Bulldoze,65.9,59.3,57.9,105,0,0.6,0,45.8,0.4755
266,38,Water,76,50,Water,175,44,35,0,Flamethrower,73.7,0.0,0.0,175,0,0.6,0,40.2,0.6091
267,31,Normal,75,40,Fire,172,48,34,0,Psychic,65.0,0.0,0.0,172,0,0.6,0,51.5,0.5037
268,29,Fire,64,70,Fire,222,35,40,0,Thunderbolt,82.9,0.0,0.0,222,0,0.6,0,62.6,0.6834
269,45,Electric,91,54,Fire,185,33,56,1,Discharge,50.9,79.2,45.9,139,0,0.6,1,63.4,0.5833
270,55,Fire,67,53,Psychic,191,22,47,0,Flamethrower,49.1,0.0,0.0,191,0,0.6,1,35.4,0.7048
271,35,Electric,57,57,Psychic,187,46,48,1,Discharge,26.9,47.3,32.5,154,0,0.6,0,22.9,0.494
272,38,Electric,75,39,Flying,170,44,41,0,Psychic,50.0,0.0,0.0,170,0,0.6,1,25.8,0.5037
273,44,Electric,75,28,Fire,130,40,27,1,Discharge,54.9,51.3,45.6,84,0,0.6,1,52.7,0.5025
274,47,Water,76,39,Psychic,170,61,29,1,Surf,45.3,47.1,34.7,135,0,0.6,0,84.1,0.4963
275,46,Fire,89,33,Fire,172,46,61,0,Psychic,68.0,0.0,0.0,172,0,0.6,0,67.3,0.4539
276,49,Water,70,41,Grass,153,49,43,1,Surf,48.9,50.4,28.0,125,0,0.6,0,28.5,0.5341
277,49,Water,84,33,Fire,150,32,39,1,Surf,77.0,41.3,96.3,54,0,1.5,0,39.7,0.4264
278,44,Fire,89,35,Fire,180,41,47,0,Body Slam,90.3,0.0,0.0,180,0,0.6,1,64.8,0.5527
279,53,Electric,82,27,Psychic,112,54,56,1,Discharge,76.9,57.3,31.1,81,0,0.6,1,80.7,0.4526
280,75,Fire,122,40,Fire,139,39,56,1,Bulldoze,97.2,68.5,59.2,80,0,0.6,0,19.5,0.6483
281,58,Normal,107,33,Water,161,22,45,0,Body Slam,105.8,0.0,0.0,161,0,0.6,1,22.0,0.6993
282,50,Fire,88,64,Flying,227,53,29,1,Bulldoze,78.4,65.9,42.5,184,0,0.6,0,61.6,0.6998
283,52,Water,98,53,Psychic,183,49,56,1,Surf,45.5,93.1,32.1,151,0,0.6,0,37.8,0.598
284,36,Ground,67,42,Water,159,59,40,1,Earthquake,72.5,49.9,69.8,89,0,1.5,0,27.3,0.375
285,41,Ground,91,36,Fire,126,57,48,1,Earthquake,68.8,59.1,125.5,0,1,1.5,0,40.4,0.151
286,53,Ground,95,31,Water,141,42,45,1,Earthquake,67.4,63.8,108.6,32,0,1.5,0,45.9,0.3647
287,53,Normal,86,43,Fire,171,45,57,0,Thunderbolt,85.3,0.0,0.0,171,0,0.6,0,52.9,0.5785
288,49,Water,92,37,Grass,166,24,45,1,Surf,61.4,75.4,40.3,126,0,0.6,1,59.2,0.6144
289,44,Normal,98,42,Fire,154,57,38,1,Bulldoze,101.9,85.1,29.2,125,0,0.6,0,50.6,0.6078
290,48,Normal,73,38,Flying,165,44,44,0,Thunderbolt,66.2,0.0,0.0,165,0,0.6,1,55.4,0.5575
291,50,Ground,65,52,Fire,209,54,23,0,Ice Beam,77.7,0.0,0.0,209,0,1.5,1,15.3,0.6843
292,50,Electric,90,48,Fire,169,49,55,1,Discharge,96.2,58.5,42.5,126,0,0.6,0,26.2,0.5618
293,37,Electric,74,45,Grass,156,72,44,0,Psychic,60.5,0.0,0.0,156,0,0.6,1,42.0,0.4262
294,44,Electric,91,33,Grass,147,52,23,1,Discharge,50.3,68.5,31.4,116,0,0.6,1,46.7,0.5486
295,57,Electric,110,48,Grass,154,35,39,1,Discharge,66.6,72.3,53.6,100,0,0.6,1,59.7,0.6567
296,48,Water,97,42,Water,151,36,35,0,Thunderbolt,94.0,0.0,0.0,151,0,0.6,1,25.4,0.6693
297,42,Normal,100,36,Psychic,160,57,64,1,Bulldoze,81.2,58.5,50.7,109,0,0.6,1,40.2,0.3627
298,31,Electric,76,46,Psychic,166,42,52,0,Body Slam,78.0,0.0,0.0,166,0,0.6,1,39.2,0.505
299,53,Water,116,47,Fire,147,52,31,1,Surf,91.7,90.4,124.0,23,0,1.5,0,29.3,0.4814
300,54,Ground,92,36,Psychic,174,37,52,1,Earthquake,67.6,77.5,81.3,93,0,1.5,0,44.3,0.4694
301,28,Water,71,49,Grass,221,38,49,0,Flamethrower,47.6,0.0,0.0,221,0,0.6,1,44.1,0.4933
302,34,Fire,49,57,Grass,188,56,53,1,Bulldoze,33.9,21.6,10.1,178,0,0.6,1,57.9,0.4654
303,42,Ground,107,43,Psychic,176,46,41,1,Earthquake,85.6,102.7,105.1,71,0,1.5,0,42.9,0.4466
304,33,Electric,69,42,Flying,185,44,37,1,Discharge,62.9,61.0,30.0,155,0,0.6,1,41.7,0.5261
305,43,Water,84,38,Fire,154,54,46,1,Surf,48.7,71.2,100.1,54,0,1.5,1,49.7,0.314
306,49,Electric,95,53,Grass,177,32,49,1,Discharge,86.8,52.9,53.2,124,0,0.6,1,19.1,0.6205
307,57,Water,104,41,Water,170,52,50,1,Surf,85.7,71.6,45.3,125,0,0.6,0,63.2,0.5655
308,37,Normal,59,42,Grass,152,43,52,0,Psychic,53.5,0.0,0.0,152,0,0.6,1,39.7,0.4806
309,42,Fire,78,36,Psychic,154,39,59,0,Thunderbolt,74.6,0.0,0.0,154,0,0.6,1,39.7,0.4908
310,40,Electric,85,48,Fire,165,45,56,1,Discharge,38.4,56.6,27.2,138,0,0.6,1,40.1,0.487
311,65,Electric,95,53,Psychic,179,44,40,1,Discharge,73.9,57.0,29.4,150,0,0.6,0,54.5,0.7232
312,53,Normal,97,43,Fire,133,46,36,1,Bulldoze,48.8,104.4,34.4,99,0,0.6,1,50.6,0.6484
313,63,Electric,107,50,Fire,191,31,39,0,Ice Beam,119.2,0.0,0.0,191,0,0.6,1,39.3,0.7868
314,57,Water,85,60,Water,209,50,45,1,Surf,43.5,88.9,48.4,161,0,0.6,0,58.0,0.6441
315,51,Normal,72,47,Fire,164,39,59,1,Bulldoze,56.8,48.2,26.8,137,0,0.6,1,54.3,0.5614
316,38,Normal,82,55,Flying,183,58,64,1,Bulldoze,67.5,57.3,37.8,145,0,0.6,0,31.1,0.4442
317,39,Electric,75,58,Flying,200,43,55,0,Thunderbolt,53.2,0.0,0.0,200,0,0.6,1,54.8,0.5587
318,50,Fire,78,42,Psychic,157,16,49,0,Thunderbolt,83.3,0.0,0.0,157,0,0.6,0,74.1,0.686
319,41,Water,77,51,Psychic,182,42,46,0,Thunderbolt,76.7,0.0,0.0,182,0,0.6,1,46.9,0.5995
320,44,Normal,95,50,Water,195,31,54,0,Flamethrower,101.4,0.0,0.0,195,0,0.6,0,58.0,0.6484
321,55,Normal,86,49,Water,141,40,52,1,Bulldoze,91.2,82.8,39.0,102,0,0.6,0,27.9,0.6637
322,24,Water,58,51,Grass,207,59,43,1,Surf,36.5,55.4,19.4,188,0,0.6,0,61.9,0.4343
323,44,Electric,77,35,Flying,147,46,57,0,Flamethrower,64.5,0.0,0.0,147,0,0.6,1,44.4,0.4644
324,54,Fire,85,65,Flying,237,39,37,0,Psychic,84.7,0.0,0.0,237,0,0.6,0,32.0,0.762
325,58,Ground,93,33,Psychic,164,56,43,0,Ice Beam,94.1,0.0,0.0,164,0,1.5,0,58.4,0.5758
326,26,Normal,67,36,Fire,173,38,23,1,Bulldoze,59.9,37.3,30.7,142,0,0.6,1,55.2,0.501
327,39,Electric,73,30,Flying,132,40,46,1,Discharge,51.0,63.7,32.3,100,0,0.6,1,49.0,0.4602
328,44,Ground,90,51,Fire,186,41,46,1,Earthquake,63.6,68.9,90.9,95,0,1.5,1,33.1,0.4622
329,31,Normal,58,28,Psychic,147,31,44,1,Bulldoze,40.0,42.4,21.9,125,0,0.6,0,69.4,0.4373
330,33,Water,89,29,Psychic,110,44,42,0,Ice Beam,84.0,0.0,0.0,110,0,0.6,0,60.5,0.4675
331,47,Water,86,51,Water,187,34,56,0,Body Slam,111.4,0.0,0.0,187,0,0.6,1,53.5,0.6608
332,48,Water,79,39,Water,181,45,45,1,Surf,45.9,43.0,41.5,140,0,0.6,1,85.3,0.4799
333,42,Fire,61,36,Fire,150,41,29,0,Flamethrower,72.7,0.0,0.0,150,0,0.6,1,55.8,0.5923
334,41,Ground,77,53,Fire,201,53,38,1,Earthquake,65.2,73.3,80.5,120,0,1.5,1,53.8,0.4756
335,54,Water,68,35,Water,175,49,42,0,Ice Beam,79.7,0.0,0.0,175,0,0.6,0,64.4,0.5777
336,50,Electric,105,41,Grass,174,53,65,0,Psychic,90.3,0.0,0.0,174,0,0.6,1,41.1,0.5004
337,54,Ground,101,30,Grass,110,48,58,0,Flamethrower,92.8,0.0,0.0,110,0,1.5,0,54.7,0.5135
338,34,Fire,70,44,Flying,186,46,39,0,Ice Beam,77.8,0.0,0.0,186,0,0.6,1,39.7,0.5434
339,34,Normal,80,43,Flying,163,45,43,0,Flamethrower,83.5,0.0,0.0,163,0,0.6,1,54.5,0.5343
340,44,Water,94,32,Water,123,37,59,0,Psychic,102.4,0.0,0.0,123,0,0.6,1,55.5,0.523
341,18,Normal,41,36,Psychic,147,60,25,1,Bulldoze,43.2,30.3,25.5,122,0,0.6,1,59.6,0.3584
342,42,Water,78,53,Fire,200,51,54,0,Flamethrower,71.0,0.0,0.0,200,0,1.5,0,31.0,0.5449
343,43,Fire,66,43,Grass,200,58,44,0,Ice Beam,56.1,0.0,0.0,200,0,0.6,1,87.6,0.4926
344,59,Ground,80,32,Fire,145,43,40,0,Ice Beam,93.4,0.0,0.0,145,0,1.5,1,61.9,0.6323
345,39,Ground,84,53,Water,193,54,57,1,Earthquake,39.6,80.4,94.7,98,0,1.5,0,47.7,0.338
346,45,Normal,74,50,Grass,167,45,34,0,Body Slam,74.3,0.0,0.0,167,0,0.6,1,62.8,0.6426
347,42,Ground,91,56,Flying,172,46,39,0,Ice Beam,94.2,0.0,0.0,172,0,0.0,1,47.8,0.6584
348,66,Fire,109,56,Water,199,27,36,1,Bulldoze,83.5,85.5,47.3,152,0,0.6,1,59.9,0.7969
349,42,Normal,82,51,Grass,159,54,45,1,Bulldoze,81.7,61.5,47.2,112,0,0.6,1,71.5,0.5297
350,55,Fire,91,40,Grass,169,52,49,0,Thunderbolt,105.1,0.0,0.0,169,0,0.6,0,39.6,0.6012
351,56,Fire,96,39,Grass,133,36,44,0,Ice Beam,78.1,0.0,0.0,133,0,0.6,1,27.2,0.6435
352,44,Fire,94,52,Fire,202,56,55,1,Bulldoze,58.6,56.7,23.8,178,0,0.6,0,37.7,0.5234
353,43,Ground,83,44,Fire,169,61,42,1,Earthquake,59.8,42.7,97.3,72,0,1.5,0,27.1,0.3175
354,50,Fire,101,32,Flying,168,51,21,0,Psychic,82.2,0.0,0.0,168,0,0.6,1,53.3,0.6156
355,38,Normal,51,52,Flying,163,44,28,0,Body Slam,55.1,0.0,0.0,163,0,0.6,0,58.1,0.6214
356,53,Electric,92,69,Grass,205,42,22,0,Body Slam,92.3,0.0,0.0,205,0,0.6,1,47.5,0.8087
357,39,Water,87,40,Flying,168,60,28,0,Flamethrower,76.2,0.0,0.0,168,0,0.6,0,55.9,0.5352
358,41,Fire,71,33,Grass,128,49,38,1,Bulldoze,52.2,65.8,15.9,112,0,0.6,0,61.4,0.5265
359,49,Ground,92,53,Fire,182,31,57,1,Earthquake,65.2,64.8,115.1,67,0,1.5,0,63.3,0.4302
360,43,Electric,88,45,Water,168,36,56,1,Discharge,54.7,78.0,124.5,44,0,2.0,1,49.0,0.3315
361,73,Water,95,41,Grass,148,55,52,0,Thunderbolt,114.7,0.0,0.0,148,0,0.6,0,46.9,0.6789
362,52,Electric,84,61,Water,187,54,53,1,Discharge,54.2,69.6,135.2,52,0,2.0,0,30.6,0.3594
363,53,Water,92,43,Flying,172,39,45,1,Surf,72.4,91.3,46.6,125,0,0.6,1,32.7,0.6254
364,30,Fire,68,62,Flying,227,51,45,0,Body Slam,70.0,0.0,0.0,227,0,0.6,0,53.4,0.5622
365,43,Water,83,37,Psychic,145,40,47,0,Psychic,90.5,0.0,0.0,145,0,0.6,1,40.9,0.5616
366,44,Electric,90,49,Grass,155,50,51,1,Discharge,64.2,78.0,31.0,124,0,0.6,1,64.7,0.5612
367,43,Ground,96,49,Psychic,174,54,53,1,Earthquake,63.9,76.0,106.0,68,0,1.5,0,31.8,0.3485
368,50,Fire,92,43,Fire,168,52,30,1,Bulldoze,93.0,61.1,30.5,138,0,0.6,0,51.9,0.6446
369,38,Fire,84,37,Grass,161,41,46,1,Bulldoze,67.8,85.3,32.2,129,0,0.6,1,43.5,0.5346
370,36,Electric,99,48,Psychic,172,58,30,1,Discharge,106.8,57.9,30.1,142,0,0.6,1,72.6,0.5945
371,47,Ground,92,40,Grass,150,32,64,1,Earthquake,82.7,81.5,103.0,47,0,1.5,1,75.2,0.3992
372,52,Fire,70,55,Grass,185,53,53,0,Thunderbolt,64.2,0.0,0.0,185,0,0.6,0,62.6,0.5917
373,46,Normal,100,42,Flying,180,54,35,1,Bulldoze,83.7,89.7,37.8,142,0,0.6,1,54.9,0.602
374,41,Fire,89,74,Grass,234,48,57,0,Psychic,90.1,0.0,0.0,234,0,0.6,0,45.8,0.6627
375,46,Normal,84,30,Flying,106,56,45,1,Bulldoze,40.5,49.9,45.3,61,0,0.6,1,44.0,0.3785
376,33,Normal,55,47,Grass,158,38,51,0,Ice Beam,57.9,0.0,0.0,158,0,0.6,0,50.1,0.5136
377,66,Fire,105,45,Psychic,156,46,68,1,Bulldoze,68.9,78.9,58.9,97,0,0.6,0,82.0,0.5399
378,49,Normal,76,33,Water,126,54,37,1,Bulldoze,57.0,58.1,41.9,84,0,0.6,1,37.1,0.4829
379,65,Ground,113,38,Psychic,183,38,67,1,Earthquake,73.8,107.6,130.6,52,0,1.5,0,35.7,0.398
380,35,Normal,93,44,Psychic,158,43,59,1,Bulldoze,81.3,76.8,23.5,134,0,0.6,1,41.3,0.5264
381,46,Ground,67,36,Grass,161,50,45,0,Ice Beam,80.9,0.0,0.0,161,0,1.5,1,65.8,0.5298
382,47,Electric,97,28,Water,128,56,30,0,Ice Beam,96.4,0.0,0.0,128,0,2.0,1,40.1,0.5479
383,23,Normal,68,43,Psychic,168,28,47,1,Bulldoze,58.9,52.1,16.0,152,0,0.6,0,43.2,0.5225
384,34,Fire,78,63,Fire,221,55,61,1,Bulldoze,41.4,50.1,38.4,183,0,0.6,0,54.7,0.4436
385,41,Water,86,38,Grass,166,45,53,0,Flamethrower,69.9,0.0,0.0,166,0,0.6,1,46.6,0.4899
386,45,Ground,66,44,Fire,181,63,45,0,Ice Beam,78.9,0.0,0.0,181,0,1.5,1,61.3,0.5136
387,43,Electric,75,49,Flying,208,45,50,0,Flamethrower,64.4,0.0,0.0,208,0,0.6,0,39.2,0.559
388,54,Electric,89,44,Grass,171,38,52,1,Discharge,56.7,67.4,38.5,132,0,0.6,1,38.2,0.5855
389,49,Ground,97,40,Grass,152,47,45,1,Earthquake,81.5,70.0,95.9,56,0,1.5,0,61.7,0.4252
390,48,Water,102,55,Grass,180,33,51,1,Surf,77.8,80.5,41.1,139,0,0.6,0,67.0,0.6639
391,34,Water,84,42,Grass,178,51,42,0,Ice Beam,77.3,0.0,0.0,178,0,0.6,0,38.4,0.5029
392,42,Normal,79,62,Flying,191,57,53,0,Ice Beam,61.2,0.0,0.0,191,0,0.6,0,38.1,0.5587
393,37,Normal,81,45,Flying,162,35,62,1,Bulldoze,70.5,91.7,38.5,124,0,0.6,1,63.1,0.5277
394,28,Electric,75,40,Flying,154,35,43,0,Psychic,70.2,0.0,0.0,154,0,0.6,1,56.0,0.5102
395,51,Fire,80,43,Grass,179,25,32,1,Bulldoze,70.3,53.7,45.2,134,0,0.6,0,34.9,0.6666
396,48,Normal,79,44,Fire,166,47,59,0,Psychic,56.1,0.0,0.0,166,0,0.6,1,49.8,0.5076
397,46,Water,89,37,Water,194,60,43,1,Surf,73.1,83.5,38.7,155,0,0.6,1,57.4,0.5027
398,51,Ground,97,37,Psychic,152,41,46,0,Flamethrower,111.7,0.0,0.0,152,0,1.5,1,42.6,0.6256
399,58,Electric,90,40,Water,161,49,49,1,Discharge,64.8,72.1,126.4,35,0,2.0,1,64.3,0.3567
400,47,Water,90,45,Water,172,42,63,0,Flamethrower,82.7,0.0,0.0,172,0,0.6,1,56.4,0.5445
401,51,Electric,91,28,Fire,141,69,52,1,Discharge,87.6,83.9,43.6,97,0,0.6,1,43.8,0.4223
402,51,Electric,95,29,Grass,130,66,56,1,Discharge,73.1,81.8,44.9,85,0,0.6,1,69.5,0.4002
403,77,Fire,125,44,Flying,201,40,60,1,Bulldoze,124.0,83.9,62.8,138,0,0.6,1,52.4,0.6967
404,48,Water,87,50,Psychic,198,25,44,1,Surf,70.9,70.5,46.1,152,0,0.6,0,55.6,0.6617
405,31,Water,80,52,Grass,185,39,46,0,Flamethrower,65.5,0.0,0.0,185,0,0.6,1,51.3,0.5529
406,48,Ground,87,51,Flying,193,51,43,0,Body Slam,95.5,0.0,0.0,193,0,0.0,0,49.7,0.6336
407,35,Water,72,43,Flying,167,56,55,1,Surf,51.3,76.8,28.1,139,0,0.6,0,63.0,0.4389
408,39,Fire,64,22,Psychic,134,39,34,1,Bulldoze,60.0,41.8,25.5,108,0,0.6,1,66.7,0.4698
409,35,Normal,51,48,Grass,199,47,51,1,Bulldoze,42.8,30.1,11.7,187,0,0.6,1,68.2,0.4844
410,45,Ground,85,39,Psychic,172,46,54,0,Body Slam,83.5,0.0,0.0,172,0,1.5,1,76.0,0.5244
411,38,Normal,73,40,Fire,180,34,30,0,Ice Beam,94.5,0.0,0.0,180,0,0.6,0,39.4,0.6393
412,34,Ground,71,54,Fire,199,29,33,0,Flamethrower,58.8,0.0,0.0,199,0,1.5,1,47.9,0.6511
413,35,Normal,86,37,Grass,160,26,33,1,Bulldoze,83.3,48.8,39.5,120,0,0.6,0,46.0,0.5794
414,50,Electric,79,51,Flying,171,61,52,1,Discharge,81.9,66.4,39.8,131,0,0.6,1,66.4,0.542
415,39,Ground,85,49,Water,200,55,39,0,Psychic,82.5,0.0,0.0,200,0,1.5,1,59.4,0.5653
416,48,Water,73,56,Fire,203,46,41,1,Surf,49.4,57.8,81.0,122,0,1.5,0,41.2,0.5002
417,56,Ground,89,45,Psychic,160,39,26,1,Earthquake,54.0,61.5,97.0,63,0,1.5,0,55.6,0.5381
418,47,Normal,80,19,Flying,135,39,67,0,Body Slam,73.8,0.0,0.0,135,0,0.6,0,54.8,0.4011
419,54,Water,95,44,Fire,165,23,59,0,Body Slam,95.1,0.0,0.0,165,0,1.5,1,73.3,0.6694
420,59,Water,93,43,Flying,169,34,53,0,Thunderbolt,92.7,0.0,0.0,169,0,0.6,1,79.8,0.6679
421,61,Water,90,40,Flying,181,35,42,0,Body Slam,112.3,0.0,0.0,181,0,0.6,1,71.9,0.7164
422,54,Electric,92,38,Psychic,162,52,48,0,Thunderbolt,95.3,0.0,0.0,162,0,0.6,1,60.4,0.5785
423,60,Normal,111,54,Fire,202,49,42,0,Body Slam,133.2,0.0,0.0,202,0,0.6,0,80.0,0.7467
424,29,Normal,74,44,Water,191,22,30,0,Psychic,64.4,0.0,0.0,191,0,0.6,0,40.7,0.6229
425,39,Fire,87,63,Grass,177,50,52,0,Thunderbolt,91.9,0.0,0.0,177,0,0.6,0,63.2,0.6153
426,46,Fire,78,39,Psychic,151,55,28,1,Bulldoze,57.2,54.3,33.6,117,0,0.6,0,55.8,0.544
427,40,Fire,86,50,Water,163,30,26,0,Body Slam,80.9,0.0,0.0,163,0,0.6,0,65.8,0.7036
428,35,Normal,79,54,Fire,187,32,53,1,Bulldoze,66.5,52.2,52.3,135,0,0.6,0,67.4,0.5189
429,51,Ground,99,40,Flying,163,37,54,0,Flamethrower,89.4,0.0,0.0,163,0,0.0,1,30.0,0.5992
430,51,Fire,98,43,Fire,155,53,48,0,Ice Beam,99.2,0.0,0.0,155,0,0.6,1,69.9,0.5893
431,52,Fire,103,44,Grass,196,60,47,0,Body Slam,87.3,0.0,0.0,196,0,0.6,0,48.9,0.5625
432,52,Fire,84,42,Psychic,175,33,36,1,Bulldoze,76.6,68.6,36.6,138,0,0.6,1,43.7,0.6693
433,54,Electric,91,56,Grass,190,48,52,1,Discharge,77.7,86.1,39.4,151,0,0.6,0,60.4,0.6514
434,51,Normal,90,53,Water,190,37,25,0,Flamethrower,74.1,0.0,0.0,190,0,0.6,1,31.1,0.7351
435,60,Fire,112,42,Flying,162,43,53,0,Flamethrower,122.8,0.0,0.0,162,0,0.6,1,40.0,0.6713
436,53,Normal,103,48,Psychic,166,61,49,1,Bulldoze,85.7,78.7,43.3,123,0,0.6,1,87.5,0.5644
437,44,Normal,68,48,Water,180,68,37,1,Bulldoze,48.5,39.9,28.3,152,0,0.6,0,58.5,0.481
438,51,Normal,89,30,Water,148,48,39,1,Bulldoze,55.3,63.8,49.1,99,0,0.6,1,61.8,0.4799
439,31,Normal,67,43,Grass,169,52,79,0,Thunderbolt,47.6,0.0,0.0,169,0,0.6,1,57.7,0.3215
440,36,Electric,87,43,Fire,152,25,36,0,Ice Beam,98.3,0.0,0.0,152,0,0.6,0,44.4,0.6585
441,68,Water,115,63,Grass,209,50,53,1,Surf,90.9,86.1,53.5,156,0,0.6,1,42.0,0.7161
442,50,Ground,93,46,Flying,147,38,52,1,Earthquake,90.3,71.5,0.0,147,0,0.0,1,51.5,0.7066
443,24,Water,85,47,Water,156,42,48,1,Surf,56.3,53.3,27.3,129,0,0.6,1,71.9,0.4613
444,57,Ground,91,55,Psychic,172,68,46,1,Earthquake,59.8,64.5,95.8,76,0,1.5,0,52.4,0.424
445,43,Normal,72,69,Flying,231,45,41,1,Bulldoze,60.1,37.3,31.3,200,0,0.6,0,76.3,0.6511
446,43,Water,100,52,Flying,180,38,27,0,Ice Beam,133.9,0.0,0.0,180,0,0.6,1,71.0,0.7492
447,43,Ground,91,39,Grass,166,43,38,1,Earthquake,79.2,75.5,84.2,82,0,1.5,1,61.5,0.4642
448,58,Ground,105,47,Fire,161,42,37,0,Ice Beam,84.7,0.0,0.0,161,0,1.5,0,58.2,0.6981
449,55,Ground,91,41,Flying,146,45,39,1,Earthquake,66.0,56.6,0.0,146,0,0.0,1,45.3,0.6842
450,29,Fire,83,46,Fire,180,41,49,1,Bulldoze,59.1,37.1,38.5,142,0,0.6,1,51.8,0.4368
451,59,Electric,107,35,Grass,138,47,36,1,Discharge,88.8,90.8,45.1,93,0,0.6,0,75.5,0.6415
452,43,Fire,86,46,Psychic,149,37,59,1,Bulldoze,71.5,48.0,45.1,104,0,0.6,1,43.5,0.4966
453,54,Fire,116,35,Psychic,148,39,53,1,Bulldoze,97.7,86.1,54.4,94,0,0.6,1,59.2,0.5683
454,48,Water,90,29,Fire,152,62,31,1,Surf,76.0,68.3,111.6,40,0,1.5,1,56.7,0.3209
455,40,Fire,79,47,Flying,173,48,49,1,Bulldoze,30.8,67.7,34.6,138,0,0.6,0,54.0,0.4829
456,38,Electric,77,44,Flying,191,54,55,1,Discharge,62.6,64.4,31.5,160,0,0.6,0,56.1,0.4564
457,25,Normal,71,60,Fire,209,58,20,0,Body Slam,49.0,0.0,0.0,209,0,0.6,0,31.1,0.5683
458,37,Electric,82,45,Grass,179,59,41,1,Discharge,51.2,62.2,32.8,146,0,0.6,1,32.7,0.4698
459,49,Electric,106,42,Grass,170,48,47,1,Discharge,92.9,93.0,58.4,112,0,0.6,0,76.4,0.5598
460,38,Electric,55,51,Water,181,53,67,0,Body Slam,58.1,0.0,0.0,181,0,2.0,1,45.7,0.4429
461,36,Water,63,43,Flying,166,43,32,0,Flamethrower,37.1,0.0,0.0,166,0,0.6,0,42.0,0.5351
462,38,Water,78,36,Flying,146,42,48,1,Surf,68.8,73.7,17.1,129,0,0.6,1,43.2,0.5428
463,31,Fire,72,39,Grass,156,52,33,0,Ice Beam,75.5,0.0,0.0,156,0,0.6,0,45.7,0.5006
464,48,Fire,89,51,Flying,176,33,51,1,Bulldoze,59.8,90.0,41.2,135,0,0.6,1,52.6,0.6358
465,31,Water,89,56,Water,187,53,49,1,Surf,48.1,53.7,41.0,146,0,0.6,0,39.6,0.4524
466,34,Electric,87,53,Flying,172,56,29,1,Discharge,50.9,82.8,46.0,126,0,0.6,0,43.0,0.5433
467,37,Normal,91,36,Fire,151,52,34,1,Bulldoze,75.3,67.4,46.6,104,0,0.6,1,53.2,0.4794
468,32,Normal,76,32,Grass,185,65,49,1,Bulldoze,61.5,48.3,30.8,154,0,0.6,0,58.9,0.3343
469,50,Ground,98,36,Grass,153,34,60,1,Earthquake,91.6,83.1,103.4,50,0,1.5,0,52.7,0.4133
470,35,Normal,100,61,Psychic,174,31,36,0,Thunderbolt,98.8,0.0,0.0,174,0,0.6,1,55.4,0.7128
471,37,Electric,80,52,Grass,212,53,47,0,Flamethrower,117.9,0.0,0.0,212,0,0.6,0,69.9,0.5913
472,34,Electric,71,51,Grass,180,31,55,0,Psychic,70.9,0.0,0.0,180,0,0.6,1,47.0,0.5657
473,48,Electric,94,37,Grass,146,60,21,0,Psychic,88.5,0.0,0.0,146,0,0.6,1,32.4,0.6053
474,34,Normal,76,39,Water,166,38,45,1,Bulldoze,54.8,64.6,30.7,135,0,0.6,1,53.4,0.5012
475,69,Normal,83,54,Water,170,47,26,0,Psychic,106.2,0.0,0.0,170,0,0.6,1,41.9,0.8015
476,38,Ground,87,78,Psychic,247,15,43,0,Flamethrower,118.5,0.0,0.0,247,0,1.5,0,50.3,0.8238
477,33,Ground,58,49,Flying,175,47,50,0,Flamethrower,60.4,0.0,0.0,175,0,0.0,0,46.1,0.4968
478,46,Electric,98,46,Fire,176,51,50,1,Discharge,56.9,53.9,31.8,144,0,0.6,0,34.7,0.5152
479,45,Water,74,48,Psychic,145,28,36,0,Body Slam,89.1,0.0,0.0,145,0,0.6,1,26.7,0.6996
480,61,Ground,104,47,Flying,201,43,40,0,Flamethrower,82.6,0.0,0.0,201,0,0.0,0,83.4,0.6959
481,21,Water,71,53,Water,171,36,43,1,Surf,49.7,65.1,44.4,127,0,0.6,1,32.5,0.4813
482,52,Fire,89,28,Grass,125,34,45,1,Bulldoze,56.9,67.2,34.5,90,0,0.6,0,80.5,0.5475
483,40,Normal,85,28,Grass,137,37,29,1,Bulldoze,67.4,63.4,48.9,88,0,0.6,1,65.1,0.5087
484,33,Water,61,43,Water,193,48,21,0,Thunderbolt,48.0,0.0,0.0,193,0,0.6,1,48.9,0.556
485,49,Electric,102,62,Psychic,171,38,48,1,Discharge,94.9,69.0,49.8,121,0,0.6,1,60.8,0.6795
486,38,Water,62,56,Grass,193,62,51,1,Surf,51.6,15.2,24.6,168,0,0.6,0,50.0,0.4435
487,41,Water,73,56,Grass,190,54,41,1,Surf,61.8,42.8,22.1,168,0,0.6,1,52.4,0.5786
488,60,Normal,88,49,Psychic,175,54,37,0,Flamethrower,76.3,0.0,0.0,175,0,0.6,1,60.7,0.6674
489,54,Electric,100,40,Psychic,173,44,51,1,Discharge,52.1,78.7,52.5,120,0,0.6,0,51.6,0.521
490,44,Water,69,45,Psychic,172,40,61,1,Surf,37.7,65.0,38.0,134,0,0.6,0,58.3,0.4746
491,41,Ground,78,28,Fire,166,50,38,0,Psychic,82.9,0.0,0.0,166,0,1.5,0,26.2,0.4936
492,55,Fire,116,36,Flying,148,58,24,0,Thunderbolt,129.0,0.0,0.0,148,0,0.6,1,48.0,0.6759
493,53,Ground,84,46,Psychic,157,55,47,1,Earthquake,73.3,44.7,91.0,66,0,1.5,0,60.7,0.4085
494,48,Electric,85,40,Water,170,43,50,0,Psychic,76.2,0.0,0.0,170,0,2.0,0,28.2,0.5612
495,46,Electric,90,55,Water,202,48,54,1,Discharge,74.4,81.9,137.9,64,0,2.0,1,52.8,0.3526
496,40,Water,83,43,Flying,178,41,52,1,Surf,82.8,80.2,29.6,148,0,0.6,0,52.0,0.5705
497,41,Fire,85,56,Grass,204,55,34,0,Thunderbolt,66.9,0.0,0.0,204,0,0.6,0,61.4,0.6081
498,66,Ground,108,50,Water,155,41,55,0,Ice Beam,119.5,0.0,0.0,155,0,1.5,1,55.8,0.7266
499,42,Water,87,36,Water,150,33,30,0,Body Slam,116.5,0.0,0.0,150,0,0.6,1,69.6,0.6676
500,52,Electric,93,53,Grass,192,34,61,1,Discharge,85.5,61.4,38.7,153,0,0.6,0,32.3,0.6277
501,33,Electric,70,50,Grass,194,42,46,0,Flamethrower,44.3,0.0,0.0,194,0,0.6,0,12.5,0.5154
502,28,Electric,97,49,Fire,159,51,55,1,Discharge,63.4,63.7,44.5,114,0,0.6,0,49.9,0.4111
503,50,Electric,90,37,Grass,168,42,54,1,Discharge,69.3,60.3,48.5,120,0,0.6,0,41.3,0.4908
504,48,Normal,88,67,Water,207,49,57,0,Thunderbolt,84.7,0.0,0.0,207,0,0.6,0,28.3,0.6533
505,43,Electric,96,57,Water,208,45,42,0,Thunderbolt,87.8,0.0,0.0,208,0,2.0,1,41.7,0.6534
506,37,Ground,63,29,Grass,130,41,47,1,Earthquake,49.7,42.9,87.3,43,0,1.5,0,60.5,0.287
507,51,Electric,113,35,Grass,136,52,40,0,Psychic,122.2,0.0,0.0,136,0,0.6,0,34.1,0.6109
508,48,Electric,90,56,Flying,175,33,49,0,Body Slam,78.8,0.0,0.0,175,0,0.6,1,0.0,0.6779
509,51,Fire,91,46,Psychic,134,58,38,0,Ice Beam,83.3,0.0,0.0,134,0,0.6,1,49.0,0.6026
510,36,Fire,91,24,Fire,131,37,48,1,Bulldoze,75.3,71.0,39.0,92,0,0.6,1,39.3,0.4419
511,26,Fire,80,52,Grass,194,46,47,0,Body Slam,95.8,0.0,0.0,194,0,0.6,1,55.5,0.5359
512,42,Water,75,37,Grass,147,64,54,0,Psychic,82.7,0.0,0.0,147,0,0.6,1,39.9,0.4313
513,30,Water,77,53,Flying,175,47,35,0,Thunderbolt,64.3,0.0,0.0,175,0,0.6,0,83.7,0.5625
514,56,Water,109,60,Water,199,44,52,0,Thunderbolt,121.3,0.0,0.0,199,0,0.6,0,51.1,0.7284
515,30,Ground,60,50,Fire,164,38,31,1,Earthquake,24.5,50.9,61.7,102,0,1.5,1,26.4,0.4564
516,36,Fire,93,45,Psychic,179,41,60,0,Psychic,71.4,0.0,0.0,179,0,0.6,1,68.7,0.4905
517,47,Normal,88,58,Flying,178,52,69,0,Thunderbolt,69.9,0.0,0.0,178,0,0.6,0,37.1,0.5336
518,42,Fire,91,56,Psychic,203,43,63,0,Ice Beam,103.8,0.0,0.0,203,0,0.6,0,45.1,0.596
519,40,Electric,67,43,Grass,148,50,30,0,Flamethrower,61.1,0.0,0.0,148,0,0.6,0,68.6,0.566
520,39,Electric,78,29,Water,135,42,37,1,Discharge,72.0,70.9,122.3,13,0,2.0,0,56.5,0.3029
521,36,Electric,71,20,Psychic,107,45,34,1,Discharge,59.0,33.9,48.2,59,0,0.6,1,59.3,0.3584
522,38,Ground,77,46,Fire,173,23,62,0,Body Slam,85.2,0.0,0.0,173,0,1.5,1,68.5,0.582
523,55,Water,103,40,Fire,163,64,55,1,Surf,93.8,62.5,115.7,47,0,1.5,0,54.2,0.3185
524,46,Electric,95,53,Grass,199,41,51,1,Discharge,70.8,64.8,42.3,157,0,0.6,0,54.9,0.5878
525,43,Fire,85,42,Flying,150,30,58,0,Thunderbolt,77.4,0.0,0.0,150,0,0.6,1,54.7,0.5664
526,42,Ground,80,47,Grass,162,59,47,1,Earthquake,65.6,66.2,84.9,77,0,1.5,1,44.1,0.3775
527,37,Normal,92,36,Flying,164,52,51,0,Thunderbolt,69.4,0.0,0.0,164,0,0.6,1,15.9,0.4408
528,60,Fire,102,36,Flying,137,29,50,0,Flamethrower,116.9,0.0,0.0,137,0,0.6,1,45.9,0.6941
529,31,Electric,72,38,Grass,156,43,61,0,Thunderbolt,52.3,0.0,0.0,156,0,0.6,1,23.4,0.3969
530,50,Water,90,54,Fire,187,52,34,0,Psychic,85.6,0.0,0.0,187,0,1.5,1,16.6,0.6722
531,53,Electric,95,66,Water,224,34,61,0,Flamethrower,105.2,0.0,0.0,224,0,2.0,1,40.5,0.7273
532,42,Ground,73,43,Psychic,166,42,62,0,Body Slam,89.8,0.0,0.0,166,0,1.5,1,69.2,0.5222
533,44,Fire,88,39,Water,168,57,40,1,Bulldoze,58.9,59.0,49.6,118,0,0.6,0,45.4,0.4498
534,47,Water,108,54,Psychic,175,46,37,0,Ice Beam,131.4,0.0,0.0,175,0,0.6,0,66.9,0.7175
535,45,Water,75,40,Flying,168,57,41,1,Surf,55.7,58.4,29.3,139,0,0.6,1,59.0,0.5019
536,49,Water,80,20,Fire,104,38,32,0,Body Slam,76.6,0.0,0.0,104,0,1.5,1,48.0,0.553
537,37,Electric,80,45,Fire,166,33,40,1,Discharge,72.0,50.6,30.9,135,0,0.6,1,39.4,0.5864
538,38,Electric,76,45,Fire,186,47,53,0,Thunderbolt,87.5,0.0,0.0,186,0,0.6,1,60.6,0.5244
539,55,Normal,106,45,Grass,166,43,43,1,Bulldoze,88.4,51.4,42.2,124,0,0.6,1,60.0,0.6194
540,35,Ground,76,52,Water,191,53,52,1,Earthquake,78.8,56.0,93.4,98,0,1.5,0,36.7,0.3555
541,35,Water,89,44,Fire,173,48,44,0,Flamethrower,64.7,0.0,0.0,173,0,1.5,1,63.6,0.5059
542,34,Electric,76,42,Water,149,41,52,0,Thunderbolt,64.0,0.0,0.0,149,0,2.0,1,60.6,0.4863
543,52,Normal,81,60,Flying,193,35,65,0,Ice Beam,78.0,0.0,0.0,193,0,0.6,0,59.5,0.6525
544,55,Fire,92,35,Grass,133,50,39,1,Bulldoze,86.2,49.1,45.4,88,0,0.6,0,39.7,0.5467
545,22,Electric,77,48,Flying,152,68,54,0,Thunderbolt,81.7,0.0,0.0,152,0,0.6,1,63.7,0.3725
546,38,Electric,72,54,Grass,192,39,34,0,Ice Beam,77.6,0.0,0.0,192,0,0.6,0,58.9,0.6532
547,54,Ground,112,39,Fire,132,42,58,1,Earthquake,83.8,75.8,139.7,0,1,1.5,0,32.0,0.2038
548,60,Ground,95,35,Fire,177,44,29,0,Body Slam,90.8,0.0,0.0,177,0,1.5,1,94.6,0.6811
549,65,Ground,104,46,Flying,162,51,45,0,Thunderbolt,111.2,0.0,0.0,162,0,0.0,0,36.2,0.6976
550,32,Water,82,64,Flying,189,31,45,0,Psychic,86.5,0.0,0.0,189,0,0.6,1,36.7,0.671
551,65,Fire,105,47,Flying,189,36,31,0,Psychic,113.9,0.0,0.0,189,0,0.6,1,60.8,0.7866
552,22,Normal,76,54,Fire,189,37,35,0,Body Slam,57.8,0.0,0.0,189,0,0.6,0,60.5,0.557
553,47,Water,96,51,Grass,195,58,50,0,Psychic,82.3,0.0,0.0,195,0,0.6,0,54.4,0.5625
554,49,Normal,84,35,Water,136,65,38,0,Flamethrower,76.1,0.0,0.0,136,0,0.6,1,38.1,0.5039
555,46,Fire,92,40,Fire,160,37,29,1,Bulldoze,68.5,76.5,47.1,113,0,0.6,1,37.3,0.6187
556,52,Fire,91,40,Psychic,163,37,39,1,Bulldoze,65.5,83.3,31.3,132,0,0.6,1,32.3,0.6527
557,36,Fire,77,40,Fire,174,51,56,0,Psychic,76.1,0.0,0.0,174,0,0.6,1,58.8,0.4491
558,49,Electric,105,37,Grass,161,44,55,1,Discharge,71.4,71.6,43.4,118,0,0.6,1,44.3,0.504
559,32,Normal,61,53,Water,171,48,55,0,Thunderbolt,61.6,0.0,0.0,171,0,0.6,0,71.5,0.4908
560,51,Ground,69,50,Grass,183,51,51,1,Earthquake,43.0,62.9,74.4,109,0,1.5,0,33.4,0.4441
561,44,Fire,84,55,Flying,183,37,42,1,Bulldoze,77.7,81.3,31.1,152,0,0.6,1,73.7,0.6855
562,46,Ground,83,44,Psychic,191,52,36,1,Earthquake,72.9,61.5,90.9,100,0,1.5,0,56.1,0.4361
563,42,Fire,78,33,Fire,144,51,36,1,Bulldoze,71.5,68.2,40.5,104,0,0.6,1,56.0,0.4971
564,35,Normal,78,45,Water,173,50,47,0,Flamethrower,97.1,0.0,0.0,173,0,0.6,1,44.1,0.5326
565,48,Ground,105,43,Fire,185,27,26,1,Earthquake,93.3,95.4,118.1,67,0,1.5,1,59.7,0.5714
566,47,Ground,94,43,Fire,173,22,39,1,Earthquake,48.2,63.2,111.4,62,0,1.5,0,36.7,0.4571
567,35,Water,86,43,Psychic,180,33,48,0,Body Slam,91.7,0.0,0.0,180,0,0.6,1,70.7,0.5753
568,54,Normal,85,52,Grass,175,32,57,0,Body Slam,67.1,0.0,0.0,175,0,0.6,1,71.0,0.6503
569,56,Water,81,50,Water,177,44,61,1,Surf,67.5,54.1,37.4,140,0,0.6,1,32.8,0.5693
570,56,Fire,106,50,Flying,158,55,42,0,Psychic,116.0,0.0,0.0,158,0,0.6,1,49.6,0.6781
571,46,Electric,85,43,Flying,167,54,45,0,Body Slam,90.6,0.0,0.0,167,0,0.6,0,37.6,0.5617
572,55,Electric,88,42,Psychic,172,48,39,0,Thunderbolt,73.8,0.0,0.0,172,0,0.6,1,45.0,0.6234
573,59,Ground,104,41,Water,167,47,60,1,Earthquake,73.9,73.0,130.4,37,0,1.5,0,62.3,0.3375
574,49,Water,91,43,Fire,184,52,46,1,Surf,88.2,45.2,89.0,95,0,1.5,0,42.4,0.4127
575,56,Ground,77,49,Grass,181,37,52,0,Body Slam,70.7,0.0,0.0,181,0,1.5,1,64.0,0.6499
576,29,Fire,63,64,Flying,199,40,58,0,Flamethrower,48.6,0.0,0.0,199,0,0.6,1,26.4,0.5332
577,61,Ground,112,34,Fire,143,34,34,0,Flamethrower,100.2,0.0,0.0,143,0,1.5,1,62.3,0.707
578,28,Normal,64,49,Grass,179,66,41,1,Bulldoze,51.4,38.9,39.8,139,0,0.6,0,64.0,0.3748
579,51,Electric,84,33,Psychic,150,32,53,0,Psychic,109.9,0.0,0.0,150,0,0.6,1,71.2,0.6117
580,39,Electric,66,39,Psychic,152,60,46,1,Discharge,73.2,41.2,26.5,126,0,0.6,1,39.3,0.4445
581,47,Fire,94,17,Psychic,102,37,41,1,Bulldoze,77.0,71.2,35.2,67,0,0.6,0,41.1,0.4998
582,60,Water,89,37,Psychic,132,44,69,0,Flamethrower,58.2,0.0,0.0,132,0,0.6,1,32.6,0.509
583,62,Water,103,49,Fire,171,54,35,1,Surf,67.2,83.0,106.6,64,0,1.5,1,42.4,0.5175
584,41,Fire,76,66,Psychic,217,55,44,0,Flamethrower,74.2,0.0,0.0,217,0,0.6,1,55.6,0.6285
585,41,Normal,93,34,Fire,122,56,25,0,Thunderbolt,100.3,0.0,0.0,122,0,0.6,0,55.3,0.5711
586,31,Ground,71,55,Flying,196,54,34,0,Body Slam,72.7,0.0,0.0,196,0,0.0,0,52.5,0.5655
587,46,Normal,85,38,Water,148,50,42,1,Bulldoze,70.5,37.4,35.1,113,0,0.6,0,42.1,0.4971
588,21,Fire,75,57,Water,194,47,29,0,Ice Beam,51.8,0.0,0.0,194,0,0.6,0,64.1,0.5446
589,21,Fire,64,46,Psychic,148,52,48,0,Thunderbolt,72.2,0.0,0.0,148,0,0.6,0,40.9,0.4258
590,38,Water,83,58,Flying,189,54,65,0,Psychic,96.8,0.0,0.0,189,0,0.6,1,43.6,0.5297
591,32,Fire,73,37,Water,158,59,56,0,Thunderbolt,76.6,0.0,0.0,158,0,0.6,0,38.8,0.3865
592,49,Water,99,35,Psychic,140,53,42,1,Surf,110.4,88.3,39.9,100,0,0.6,1,74.6,0.5865
593,34,Ground,79,38,Grass,153,63,29,0,Thunderbolt,78.3,0.0,0.0,153,0,1.5,0,48.7,0.4879
594,45,Ground,107,39,Water,161,37,61,1,Earthquake,83.0,71.0,134.7,26,0,1.5,1,41.5,0.2959
595,53,Ground,107,26,Water,143,39,46,1,Earthquake,81.5,79.3,138.7,4,0,1.5,0,54.3,0.3148
596,39,Ground,68,50,Psychic,178,57,44,0,Psychic,31.8,0.0,0.0,178,0,1.5,0,50.9,0.481
597,45,Fire,79,41,Psychic,146,48,45,0,Ice Beam,66.6,0.0,0.0,146,0,0.6,1,54.3,0.5394
598,61,Fire,100,38,Fire,160,45,45,1,Bulldoze,86.3,91.2,41.4,119,0,0.6,0,65.2,0.6465
599,28,Ground,83,39,Water,141,53,44,1,Earthquake,40.7,53.4,113.9,27,0,1.5,0,32.4,0.217
600,50,Electric,86,52,Flying,190,50,26,0,Psychic,54.4,0.0,0.0,190,0,0.6,0,53.9,0.662
601,34,Ground,69,36,Psychic,146,40,37,1,Earthquake,75.9,67.7,85.3,61,0,1.5,0,71.6,0.4037
602,37,Fire,83,46,Fire,174,40,32,1,Bulldoze,49.5,65.1,49.0,125,0,0.6,0,57.0,0.5407
603,38,Electric,86,29,Grass,134,59,56,1,Discharge,84.8,50.8,31.3,103,0,0.6,0,58.9,0.3729
604,34,Ground,84,43,Water,182,58,37,0,Body Slam,93.6,0.0,0.0,182,0,1.5,1,53.2,0.5207
605,38,Fire,75,58,Fire,139,48,51,1,Bulldoze,50.0,32.0,17.9,121,0,0.6,0,63.2,0.5414
606,40,Electric,71,40,Psychic,151,51,45,0,Thunderbolt,57.4,0.0,0.0,151,0,0.6,0,58.9,0.4868
607,49,Water,97,37,Fire,148,43,50,1,Surf,65.3,65.0,102.5,46,0,1.5,0,49.4,0.3662
608,52,Electric,119,51,Psychic,180,47,40,1,Discharge,99.5,95.4,51.4,129,0,0.6,1,49.9,0.6716
609,51,Ground,88,65,Psychic,204,45,54,0,Thunderbolt,95.0,0.0,0.0,204,0,1.5,0,46.8,0.6921
610,53,Ground,78,44,Flying,151,40,44,0,Thunderbolt,56.4,0.0,0.0,151,0,0.0,1,47.6,0.6135
611,46,Fire,74,29,Flying,133,46,49,0,Flamethrower,68.0,0.0,0.0,133,0,0.6,1,65.3,0.4788
612,43,Water,91,27,Flying,149,48,24,0,Body Slam,96.0,0.0,0.0,149,0,0.6,1,33.4,0.5744
613,34,Normal,80,27,Water,135,38,39,0,Thunderbolt,94.7,0.0,0.0,135,0,0.6,0,68.9,0.5096
614,47,Ground,84,32,Grass,175,28,42,0,Body Slam,72.6,0.0,0.0,175,0,1.5,1,51.1,0.597
615,41,Normal,58,50,Psychic,144,41,47,0,Ice Beam,37.0,0.0,0.0,144,0,0.6,1,63.0,0.5461
616,48,Normal,95,57,Flying,183,58,52,0,Body Slam,87.9,0.0,0.0,183,0,0.6,1,66.5,0.5962
617,39,Electric,72,24,Fire,124,57,62,1,Discharge,55.1,52.4,44.5,80,0,0.6,0,56.7,0.2824
618,47,Water,80,41,Psychic,167,60,25,0,Body Slam,93.7,0.0,0.0,167,0,0.6,1,58.9,0.6115
619,37,Water,52,41,Psychic,174,53,43,1,Surf,37.9,46.4,28.3,146,0,0.6,1,40.4,0.4399
620,35,Fire,112,32,Fire,135,29,60,1,Bulldoze,68.5,69.3,40.1,95,0,0.6,0,64.8,0.4484
621,16,Electric,69,25,Fire,116,67,56,1,Discharge,49.5,51.6,18.3,98,0,0.6,0,56.4,0.231
622,44,Electric,98,40,Psychic,161,51,31,0,Ice Beam,88.7,0.0,0.0,161,0,0.6,1,52.4,0.5971
623,53,Fire,106,41,Psychic,184,52,45,1,Bulldoze,110.1,73.1,45.6,138,0,0.6,0,33.2,0.5951
624,40,Ground,77,34,Grass,133,53,40,0,Body Slam,99.6,0.0,0.0,133,0,1.5,0,57.8,0.5207
625,65,Fire,95,45,Fire,159,39,54,1,Bulldoze,81.2,82.7,35.9,123,0,0.6,1,50.4,0.6825
626,39,Water,79,53,Water,178,33,57,0,Body Slam,86.3,0.0,0.0,178,0,0.6,0,70.2,0.6038
627,53,Normal,96,47,Flying,152,45,58,0,Body Slam,123.9,0.0,0.0,152,0,0.6,1,42.4,0.6398
628,50,Electric,99,51,Psychic,171,45,40,0,Flamethrower,67.3,0.0,0.0,171,0,0.6,1,23.2,0.6414
629,49,Electric,94,56,Water,196,44,49,0,Ice Beam,95.3,0.0,0.0,196,0,2.0,1,52.8,0.6641
630,54,Water,74,47,Psychic,152,31,48,1,Surf,53.0,70.2,38.4,114,0,0.6,0,39.6,0.6381
631,47,Electric,95,39,Flying,146,37,43,0,Psychic,96.0,0.0,0.0,146,0,0.6,1,44.0,0.6225
632,48,Ground,80,38,Water,120,37,51,1,Earthquake,68.1,52.8,90.9,29,0,1.5,1,15.2,0.4002
633,51,Fire,102,44,Water,132,46,42,0,Thunderbolt,135.6,0.0,0.0,132,0,0.6,0,34.0,0.6809
634,25,Electric,44,52,Psychic,181,51,53,0,Flamethrower,33.5,0.0,0.0,181,0,0.6,0,81.1,0.4128
635,53,Electric,72,47,Flying,146,38,23,1,Discharge,55.7,27.9,39.5,106,0,0.6,1,55.5,0.6475
636,40,Ground,90,42,Fire,165,40,65,1,Earthquake,73.4,82.3,94.8,70,0,1.5,0,48.5,0.3533
637,66,Electric,87,19,Flying,124,45,36,0,Thunderbolt,82.8,0.0,0.0,124,0,0.6,1,39.1,0.5984
638,44,Normal,100,42,Water,165,50,50,0,Ice Beam,124.9,0.0,0.0,165,0,0.6,1,37.3,0.5853
639,37,Normal,83,41,Water,157,58,33,0,Ice Beam,79.2,0.0,0.0,157,0,0.6,1,61.8,0.5227
640,47,Water,78,53,Fire,215,56,62,1,Surf,49.4,54.1,89.5,126,0,1.5,0,46.9,0.3436
641,32,Ground,86,38,Flying,161,37,61,0,Ice Beam,102.6,0.0,0.0,161,0,0.0,0,46.4,0.4858
642,40,Normal,92,36,Fire,156,40,54,1,Bulldoze,59.7,68.8,41.5,114,0,0.6,1,20.9,0.4595
643,46,Electric,87,32,Fire,120,53,44,1,Discharge,63.9,39.4,32.7,87,0,0.6,0,40.0,0.4488
644,53,Ground,91,56,Fire,203,46,41,1,Earthquake,67.9,55.5,103.7,99,0,1.5,1,46.7,0.4888
645,60,Normal,119,41,Fire,129,39,44,0,Flamethrower,107.1,0.0,0.0,129,0,0.6,1,48.0,0.6922
646,34,Ground,79,57,Psychic,194,49,47,1,Earthquake,49.4,71.4,82.0,112,0,1.5,0,22.4,0.4168
647,64,Electric,91,39,Water,180,48,57,1,Discharge,86.0,54.5,148.8,31,0,2.0,0,43.3,0.3099
648,44,Water,107,49,Flying,155,26,37,0,Thunderbolt,98.1,0.0,0.0,155,0,0.6,1,58.6,0.7121
649,45,Water,101,42,Grass,155,53,58,0,Flamethrower,118.2,0.0,0.0,155,0,0.6,0,71.1,0.5414
650,55,Fire,101,42,Grass,184,49,60,1,Bulldoze,79.7,71.9,45.8,138,0,0.6,1,33.7,0.5262
651,73,Ground,105,48,Fire,167,28,58,0,Flamethrower,111.6,0.0,0.0,167,0,1.5,1,27.5,0.7664
652,39,Electric,84,43,Fire,147,47,39,1,Discharge,57.0,58.9,54.0,93,0,0.6,1,46.3,0.4724
653,35,Water,78,47,Flying,174,36,44,0,Psychic,94.5,0.0,0.0,174,0,0.6,1,34.3,0.6017
654,57,Ground,87,68,Flying,230,56,64,0,Thunderbolt,100.0,0.0,0.0,230,0,0.0,1,47.5,0.6682
655,45,Water,89,45,Fire,182,34,42,0,Body Slam,78.1,0.0,0.0,182,0,1.5,1,73.7,0.6343
656,46,Fire,94,44,Grass,192,58,24,0,Thunderbolt,93.4,0.0,0.0,192,0,0.6,1,38.9,0.6311
657,63,Normal,87,34,Grass,181,57,44,0,Ice Beam,106.4,0.0,0.0,181,0,0.6,0,30.7,0.6123
658,40,Normal,84,35,Psychic,147,57,39,1,Bulldoze,69.0,51.3,33.7,113,0,0.6,1,35.3,0.4562
659,46,Ground,85,50,Flying,171,44,49,0,Body Slam,92.7,0.0,0.0,171,0,0.0,1,66.3,0.6198
660,56,Fire,94,48,Water,169,46,47,0,Thunderbolt,72.5,0.0,0.0,169,0,0.6,1,45.1,0.6336
661,53,Normal,99,44,Flying,152,37,51,1,Bulldoze,96.3,50.4,50.8,101,0,0.6,0,32.4,0.5855
662,52,Normal,107,45,Grass,158,59,40,0,Body Slam,107.1,0.0,0.0,158,0,0.6,0,78.7,0.6202
663,19,Fire,50,34,Flying,144,48,48,0,Psychic,62.8,0.0,0.0,144,0,0.6,0,42.9,0.3622
664,38,Normal,80,40,Psychic,159,58,50,0,Ice Beam,84.2,0.0,0.0,159,0,0.6,1,48.5,0.4653
665,22,Fire,59,55,Fire,182,50,36,0,Ice Beam,49.8,0.0,0.0,182,0,0.6,0,37.2,0.4998
666,48,Ground,86,60,Flying,212,39,26,0,Ice Beam,65.3,0.0,0.0,212,0,0.0,1,59.9,0.7333
667,55,Ground,81,44,Fire,167,59,48,1,Earthquake,63.4,38.7,99.7,67,0,1.5,0,20.6,0.3517
668,52,Electric,104,29,Fire,136,56,52,0,Psychic,100.5,0.0,0.0,136,0,0.6,1,27.8,0.5006
669,56,Fire,86,50,Psychic,158,51,71,1,Bulldoze,50.2,47.8,32.1,126,0,0.6,0,56.9,0.4898
670,47,Fire,89,52,Water,182,70,46,1,Bulldoze,79.1,44.5,46.4,136,0,0.6,1,54.3,0.4735
671,36,Ground,89,30,Fire,146,54,31,1,Earthquake,88.9,77.6,85.9,60,0,1.5,0,48.6,0.3819
672,30,Normal,61,53,Water,199,34,43,0,Ice Beam,69.6,0.0,0.0,199,0,0.6,1,45.1,0.5873
673,41,Water,85,16,Flying,114,37,35,1,Surf,66.1,60.4,37.8,76,0,0.6,1,43.8,0.4538
674,35,Electric,87,39,Psychic,187,40,47,1,Discharge,52.1,58.0,47.5,140,0,0.6,0,70.8,0.4379
675,38,Normal,91,45,Psychic,176,60,47,0,Flamethrower,95.0,0.0,0.0,176,0,0.6,1,46.9,0.5075
676,48,Fire,59,59,Grass,201,44,41,1,Bulldoze,62.1,47.1,30.6,170,0,0.6,0,37.5,0.6468
677,48,Ground,91,60,Flying,198,49,57,0,Body Slam,63.3,0.0,0.0,198,0,0.0,0,62.5,0.5954
678,36,Ground,89,48,Grass,164,43,40,1,Earthquake,67.2,73.4,96.1,68,0,1.5,0,56.2,0.4199
679,34,Fire,78,44,Grass,175,36,50,1,Bulldoze,36.4,60.6,41.0,134,0,0.6,1,50.3,0.4613
680,60,Normal,91,30,Psychic,144,35,47,1,Bulldoze,57.9,74.0,56.8,87,0,0.6,1,41.3,0.5403
681,54,Ground,94,55,Psychic,198,33,45,1,Earthquake,80.6,75.5,87.9,110,0,1.5,0,16.9,0.6014
682,20,Ground,60,45,Psychic,155,40,40,1,Earthquake,39.1,62.2,69.8,85,0,1.5,1,41.9,0.3563
683,54,Electric,83,50,Flying,164,37,54,0,Psychic,71.6,0.0,0.0,164,0,0.6,1,55.1,0.6395
684,28,Electric,64,51,Water,186,27,57,0,Body Slam,67.9,0.0,0.0,186,0,2.0,1,72.2,0.5398
685,48,Electric,91,25,Flying,137,51,48,0,Ice Beam,84.9,0.0,0.0,137,0,0.6,0,49.2,0.4749
686,36,Water,89,37,Water,159,45,31,1,Surf,47.0,68.9,39.9,119,0,0.6,0,52.4,0.5001
687,30,Electric,67,40,Grass,134,43,43,1,Discharge,46.8,48.7,36.6,97,0,0.6,0,33.7,0.4308
688,46,Electric,90,29,Water,150,51,29,1,Discharge,74.8,70.0,138.4,12,0,2.0,0,53.6,0.2973
689,16,Fire,67,46,Flying,163,32,51,0,Ice Beam,68.9,0.0,0.0,163,0,0.6,1,59.7,0.46
690,28,Water,72,45,Flying,160,51,38,0,Ice Beam,56.1,0.0,0.0,160,0,0.6,1,40.2,0.4764
691,33,Ground,75,27,Fire,116,52,44,0,Flamethrower,98.2,0.0,0.0,116,0,1.5,1,47.7,0.4381
692,57,Fire,101,28,Flying,140,47,53,0,Thunderbolt,110.5,0.0,0.0,140,0,0.6,1,51.8,0.5628
693,26,Water,72,38,Water,169,46,47,1,Surf,54.1,56.9,36.0,133,0,0.6,1,64.8,0.3965
694,53,Electric,97,48,Fire,192,32,58,1,Discharge,59.4,58.9,38.3,154,0,0.6,1,54.7,0.5935
695,55,Normal,79,46,Psychic,180,64,32,0,Ice Beam,75.9,0.0,0.0,180,0,0.6,0,50.9,0.6129
696,35,Fire,73,57,Flying,212,40,35,1,Bulldoze,51.3,57.7,38.3,174,0,0.6,0,80.4,0.5931
697,56,Normal,106,45,Grass,186,65,47,1,Bulldoze,88.0,92.4,32.4,154,0,0.6,0,49.7,0.603
698,33,Normal,62,36,Flying,146,40,49,0,Thunderbolt,46.8,0.0,0.0,146,0,0.6,1,28.0,0.445
699,45,Electric,83,38,Psychic,168,38,45,0,Ice Beam,76.7,0.0,0.0,168,0,0.6,0,34.2,0.5741
700,36,Electric,83,53,Fire,191,47,50,0,Thunderbolt,117.3,0.0,0.0,191,0,0.6,1,70.1,0.6014
701,32,Fire,71,58,Grass,194,38,36,1,Bulldoze,57.6,58.1,35.9,158,0,0.6,1,29.2,0.601
702,50,Normal,78,38,Grass,155,50,51,0,Ice Beam,95.3,0.0,0.0,155,0,0.6,0,100.0,0.5551
703,46,Normal,71,38,Flying,160,55,43,0,Ice Beam,70.1,0.0,0.0,160,0,0.6,1,56.9,0.5151
704,63,Normal,103,39,Fire,150,37,34,0,Thunderbolt,92.2,0.0,0.0,150,0,0.6,1,54.4,0.7183
705,55,Fire,88,51,Fire,168,57,47,0,Flamethrower,86.7,0.0,0.0,168,0,0.6,1,48.3,0.6209
706,46,Ground,97,40,Fire,179,44,46,1,Earthquake,67.1,88.7,102.6,76,0,1.5,1,48.4,0.4069
707,37,Water,85,56,Water,188,41,41,0,Body Slam,100.4,0.0,0.0,188,0,0.6,0,77.8,0.6529
708,36,Normal,80,46,Psychic,213,39,34,0,Body Slam,77.9,0.0,0.0,213,0,0.6,1,66.3,0.6069
709,42,Electric,88,55,Fire,182,44,34,0,Thunderbolt,92.5,0.0,0.0,182,0,0.6,1,77.7,0.6754
710,33,Water,75,35,Flying,150,43,45,0,Flamethrower,68.8,0.0,0.0,150,0,0.6,0,47.8,0.471
711,63,Normal,99,53,Grass,176,45,57,0,Body Slam,78.0,0.0,0.0,176,0,0.6,0,59.3,0.6637
712,42,Ground,87,28,Fire,141,43,23,1,Earthquake,55.8,48.2,94.9,46,0,1.5,0,40.8,0.3731
713,49,Ground,92,50,Flying,184,51,37,1,Earthquake,58.3,36.2,0.0,184,0,0.0,1,27.2,0.6531
714,62,Electric,101,24,Fire,114,50,44,0,Body Slam,114.5,0.0,0.0,114,0,0.6,1,30.4,0.5945
715,55,Water,104,69,Psychic,204,40,43,1,Surf,76.9,83.7,37.1,167,0,0.6,1,36.4,0.7626
716,37,Fire,86,65,Water,205,65,38,0,Thunderbolt,92.5,0.0,0.0,205,0,0.6,0,72.9,0.6124
717,34,Electric,85,33,Flying,154,28,70,1,Discharge,83.5,83.9,46.7,107,0,0.6,1,34.9,0.4354
718,47,Water,77,50,Flying,174,59,39,1,Surf,55.9,72.5,39.9,134,0,0.6,1,28.7,0.553
719,60,Fire,100,40,Flying,152,35,58,1,Bulldoze,88.4,115.9,49.0,103,0,0.6,1,20.9,0.654
720,47,Fire,84,52,Fire,183,39,59,1,Bulldoze,58.5,52.5,39.6,143,0,0.6,0,59.9,0.5421
721,56,Electric,89,25,Psychic,107,29,33,1,Discharge,46.4,64.1,50.8,56,0,0.6,0,65.5,0.5584
722,23,Fire,80,52,Grass,196,41,52,1,Bulldoze,56.2,69.3,37.9,158,0,0.6,0,19.5,0.4634
723,44,Ground,83,41,Psychic,137,47,60,0,Flamethrower,94.6,0.0,0.0,137,0,1.5,1,45.0,0.517
724,51,Fire,101,59,Psychic,187,32,51,1,Bulldoze,74.3,69.8,58.2,129,0,0.6,0,61.6,0.6442
725,36,Ground,102,35,Grass,156,37,55,1,Earthquake,57.8,60.6,108.9,47,0,1.5,0,54.4,0.2775
726,46,Water,89,65,Psychic,201,53,43,0,Flamethrower,80.6,0.0,0.0,201,0,0.6,1,52.4,0.6644
727,38,Water,73,49,Fire,181,41,51,1,Surf,42.1,72.6,96.9,84,0,1.5,0,32.2,0.3692
728,58,Electric,95,31,Psychic,148,48,55,1,Discharge,84.4,73.9,50.7,97,0,0.6,1,65.4,0.5049
729,41,Water,77,41,Water,154,39,50,1,Surf,47.9,62.9,28.0,126,0,0.6,0,41.7,0.5197
730,37,Ground,77,45,Fire,162,42,46,1,Earthquake,49.3,49.8,97.3,65,0,1.5,1,47.4,0.3413
731,44,Water,86,53,Water,169,56,43,1,Surf,69.1,52.8,42.7,126,0,0.6,0,32.3,0.5343
732,50,Water,65,38,Psychic,170,53,45,0,Flamethrower,67.2,0.0,0.0,170,0,0.6,0,66.6,0.5315
733,46,Fire,92,52,Fire,156,43,45,1,Bulldoze,54.7,60.0,35.5,120,0,0.6,1,57.7,0.5887
734,64,Normal,86,37,Water,172,28,69,0,Psychic,72.5,0.0,0.0,172,0,0.6,0,49.7,0.6053
735,44,Ground,100,54,Psychic,174,56,38,1,Earthquake,82.8,71.9,109.8,64,0,1.5,0,48.8,0.4318
736,50,Water,86,52,Grass,184,67,50,1,Surf,57.2,67.9,40.7,143,0,0.6,0,58.9,0.5009
737,42,Normal,87,45,Water,197,50,46,0,Ice Beam,82.4,0.0,0.0,197,0,0.6,1,38.3,0.5528
738,58,Fire,87,57,Flying,197,40,36,0,Thunderbolt,75.1,0.0,0.0,197,0,0.6,1,39.0,0.738
739,23,Water,86,55,Grass,186,56,71,1,Surf,52.9,62.7,43.6,142,0,0.6,0,70.3,0.3311
740,52,Ground,93,41,Flying,133,53,55,1,Earthquake,68.3,81.1,0.3,133,0,0.0,0,71.3,0.6187
741,55,Electric,96,42,Water,148,41,48,1,Discharge,61.6,74.7,131.5,16,0,2.0,0,55.0,0.3709
742,61,Fire,103,23,Fire,117,36,54,0,Flamethrower,110.1,0.0,0.0,117,0,0.6,0,46.0,0.594
743,46,Normal,70,57,Grass,182,24,41,0,Ice Beam,61.1,0.0,0.0,182,0,0.6,1,63.8,0.709
744,57,Ground,80,57,Flying,202,49,35,0,Body Slam,71.7,0.0,0.0,202,0,0.0,1,46.5,0.7065
745,35,Electric,78,60,Fire,190,40,50,0,Thunderbolt,95.6,0.0,0.0,190,0,0.6,0,31.2,0.629
746,43,Ground,86,51,Fire,180,29,44,0,Psychic,54.0,0.0,0.0,180,0,1.5,0,77.7,0.6353
747,43,Normal,92,35,Psychic,140,42,38,1,Bulldoze,54.1,78.0,30.9,109,0,0.6,1,62.5,0.5527
748,42,Fire,85,37,Psychic,156,47,39,0,Ice Beam,119.3,0.0,0.0,156,0,0.6,0,53.0,0.5954
749,37,Water,63,67,Fire,229,40,56,0,Ice Beam,75.2,0.0,0.0,229,0,1.5,0,48.7,0.6262
750,42,Fire,81,53,Grass,171,34,70,0,Psychic,72.0,0.0,0.0,171,0,0.6,0,50.0,0.5498
751,37,Electric,66,27,Grass,146,52,50,1,Discharge,32.6,57.8,15.3,131,0,0.6,0,45.8,0.3891
752,48,Normal,93,35,Fire,143,15,43,1,Bulldoze,92.6,73.1,33.4,110,0,0.6,0,55.9,0.6866
753,44,Ground,90,67,Psychic,231,52,35,0,Flamethrower,103.7,0.0,0.0,231,0,1.5,0,44.6,0.7178
754,56,Electric,96,56,Grass,206,46,50,1,Discharge,59.2,72.3,42.8,163,0,0.6,0,71.6,0.6294
755,52,Electric,110,44,Grass,188,62,32,1,Discharge,118.4,87.0,57.2,131,0,0.6,1,57.7,0.6142
756,43,Electric,71,32,Grass,136,21,53,0,Flamethrower,97.6,0.0,0.0,136,0,0.6,1,58.1,0.5934
757,27,Water,80,51,Psychic,192,59,51,0,Psychic,76.9,0.0,0.0,192,0,0.6,0,42.8,0.4488
758,52,Normal,86,57,Psychic,209,45,56,1,Bulldoze,75.7,63.9,47.0,162,0,0.6,0,61.9,0.597
759,50,Ground,94,65,Fire,212,45,24,0,Thunderbolt,118.2,0.0,0.0,212,0,1.5,1,49.5,0.7951
760,60,Ground,92,38,Fire,171,32,65,0,Flamethrower,114.7,0.0,0.0,171,0,1.5,1,54.3,0.6407
761,41,Fire,82,55,Flying,197,58,45,0,Ice Beam,103.5,0.0,0.0,197,0,0.6,1,16.6,0.5969
762,54,Fire,89,41,Flying,161,53,48,0,Body Slam,89.0,0.0,0.0,161,0,0.6,0,34.3,0.5818
763,43,Fire,77,51,Psychic,177,35,43,1,Bulldoze,69.8,53.6,31.3,146,0,0.6,0,67.5,0.6257
764,52,Fire,99,48,Fire,187,50,42,1,Bulldoze,63.1,67.3,50.2,137,0,0.6,1,34.7,0.5671
765,36,Fire,87,51,Grass,161,43,50,1,Bulldoze,41.0,87.3,34.2,127,0,0.6,0,32.3,0.5361
766,25,Normal,55,58,Flying,185,53,34,0,Thunderbolt,52.9,0.0,0.0,185,0,0.6,0,44.3,0.5298
767,49,Water,82,48,Fire,180,68,40,1,Surf,75.3,76.3,88.6,91,0,1.5,1,73.4,0.4236
768,47,Water,90,45,Water,189,43,45,0,Thunderbolt,88.9,0.0,0.0,189,0,0.6,1,70.6,0.6141
769,45,Water,89,54,Flying,193,55,57,0,Ice Beam,83.6,0.0,0.0,193,0,0.6,1,61.5,0.5543
770,39,Normal,79,51,Flying,174,43,27,0,Thunderbolt,104.0,0.0,0.0,174,0,0.6,1,62.7,0.6835
771,45,Electric,96,40,Water,158,42,70,1,Discharge,71.1,84.1,155.7,2,0,2.0,0,57.3,0.2208
772,66,Electric,102,27,Flying,151,49,45,0,Flamethrower,107.3,0.0,0.0,151,0,0.6,1,58.9,0.6193
773,52,Electric,101,33,Flying,147,48,50,1,Discharge,64.9,71.3,43.6,103,0,0.6,1,48.1,0.4938
774,65,Electric,113,41,Grass,173,50,34,0,Ice Beam,88.3,0.0,0.0,173,0,0.6,1,29.3,0.6903
775,43,Electric,78,42,Fire,154,46,40,0,Body Slam,91.2,0.0,0.0,154,0,0.6,0,40.9,0.5905
776,43,Fire,82,62,Water,196,40,47,0,Ice Beam,74.7,0.0,0.0,196,0,0.6,0,58.3,0.6612
777,47,Electric,84,41,Psychic,155,49,31,0,Flamethrower,90.5,0.0,0.0,155,0,0.6,1,63.4,0.6254
778,36,Normal,78,45,Flying,149,44,56,1,Bulldoze,69.3,77.0,42.5,106,0,0.6,1,48.8,0.4816
779,39,Water,65,31,Grass,138,58,38,0,Flamethrower,62.1,0.0,0.0,138,0,0.6,0,47.9,0.4429
780,54,Ground,97,44,Flying,165,44,41,1,Earthquake,75.9,58.3,0.0,165,0,0.0,1,56.8,0.7018
781,51,Fire,67,48,Psychic,178,45,35,0,Thunderbolt,54.6,0.0,0.0,178,0,0.6,1,32.2,0.6348
782,40,Fire,81,47,Water,175,37,58,1,Bulldoze,80.1,49.7,16.6,158,0,0.6,0,50.1,0.574
783,28,Fire,88,21,Psychic,136,41,48,1,Bulldoze,47.6,64.8,34.8,101,0,0.6,0,47.5,0.345
784,57,Normal,101,35,Psychic,166,51,35,1,Bulldoze,91.8,52.6,45.4,121,0,0.6,1,26.8,0.5788
785,44,Water,75,33,Water,145,44,60,1,Surf,57.9,60.2,31.0,114,0,0.6,0,58.7,0.4404
786,54,Normal,85,46,Water,172,40,44,0,Ice Beam,103.0,0.0,0.0,172,0,0.6,1,40.8,0.6803
787,48,Ground,93,40,Grass,187,58,26,1,Earthquake,69.9,84.2,101.1,86,0,1.5,0,36.1,0.4402
788,48,Normal,83,46,Grass,164,52,57,1,Bulldoze,67.8,47.1,36.1,128,0,0.6,1,50.9,0.4896
789,35,Normal,63,44,Grass,158,44,39,1,Bulldoze,59.9,32.4,24.1,134,0,0.6,1,50.2,0.5139
790,34,Fire,73,54,Grass,176,49,37,0,Thunderbolt,68.2,0.0,0.0,176,0,0.6,0,29.5,0.5771
791,63,Fire,82,35,Psychic,136,40,37,0,Flamethrower,72.8,0.0,0.0,136,0,0.6,1,58.8,0.6613
792,60,Ground,98,45,Grass,167,49,36,0,Psychic,101.8,0.0,0.0,167,0,1.5,1,34.0,0.6972
793,60,Ground,98,43,Water,165,66,56,0,Body Slam,126.8,0.0,0.0,165,0,1.5,0,49.6,0.59
794,44,Water,73,54,Flying,167,38,42,1,Surf,49.0,67.1,47.1,120,0,0.6,1,38.5,0.5913
795,38,Normal,75,59,Flying,178,43,42,0,Flamethrower,52.4,0.0,0.0,178,0,0.6,1,48.5,0.6052
796,47,Normal,96,44,Water,180,27,43,0,Body Slam,87.4,0.0,0.0,180,0,0.6,0,71.4,0.6697
797,43,Ground,85,34,Psychic,144,56,45,1,Earthquake,74.3,63.0,111.2,33,0,1.5,0,68.1,0.2889
798,35,Ground,84,44,Psychic,154,46,59,1,Earthquake,53.4,42.9,85.1,69,0,1.5,0,58.0,0.2964
799,34,Normal,65,58,Psychic,207,39,53,1,Bulldoze,49.0,36.7,37.8,169,0,0.6,0,50.7,0.5026
800,40,Normal,89,41,Water,136,55,46,1,Bulldoze,51.4,67.9,44.6,91,0,0.6,1,44.9,0.4392
801,25,Electric,69,50,Grass,180,32,52,0,Ice Beam,70.4,0.0,0.0,180,0,0.6,1,45.0,0.523
802,49,Fire,81,26,Psychic,138,35,40,1,Bulldoze,72.8,54.6,36.7,101,0,0.6,0,19.3,0.5362
803,55,Normal,108,57,Psychic,199,24,40,0,Thunderbolt,110.4,0.0,0.0,199,0,0.6,1,47.4,0.7912
804,53,Fire,94,48,Water,178,46,49,1,Bulldoze,63.7,81.0,49.3,129,0,0.6,0,59.0,0.5807
805,48,Ground,81,49,Fire,178,44,49,0,Body Slam,84.5,0.0,0.0,178,0,1.5,1,80.6,0.6148
806,49,Normal,83,34,Flying,143,34,40,0,Ice Beam,85.3,0.0,0.0,143,0,0.6,0,72.4,0.6169
807,43,Water,72,52,Psychic,192,40,58,1,Surf,55.5,39.5,32.3,160,0,0.6,1,49.1,0.5205
808,50,Fire,87,53,Water,187,47,45,0,Flamethrower,77.3,0.0,0.0,187,0,0.6,0,58.5,0.638
809,41,Water,83,46,Flying,175,60,49,1,Surf,76.3,35.4,40.6,134,0,0.6,0,55.9,0.4397
810,42,Water,84,47,Fire,182,33,60,1,Surf,61.2,41.8,89.6,92,0,1.5,0,47.7,0.3785
811,44,Water,81,45,Water,167,40,45,0,Body Slam,110.9,0.0,0.0,167,0,0.6,1,70.0,0.6363
812,40,Fire,73,59,Grass,217,54,35,1,Bulldoze,72.4,69.7,28.0,189,0,0.6,0,27.2,0.64
813,32,Ground,75,39,Fire,155,38,50,0,Body Slam,70.9,0.0,0.0,155,0,1.5,0,46.9,0.4886
814,59,Ground,105,50,Water,178,34,33,0,Thunderbolt,127.2,0.0,0.0,178,0,1.5,1,46.9,0.7877
815,39,Fire,71,48,Water,182,54,37,1,Bulldoze,44.1,61.7,23.8,158,0,0.6,1,60.6,0.5414
816,52,Normal,84,52,Flying,201,47,44,0,Flamethrower,82.8,0.0,0.0,201,0,0.6,1,78.4,0.6523
817,51,Electric,107,45,Fire,170,29,58,1,Discharge,77.1,100.0,44.0,126,0,0.6,1,50.6,0.6366
818,40,Water,108,70,Psychic,227,64,46,0,Psychic,75.2,0.0,0.0,227,0,0.6,1,56.5,0.6049
819,42,Water,85,50,Grass,176,27,46,1,Surf,52.4,81.4,25.4,151,0,0.6,0,47.1,0.6593
820,31,Water,59,46,Grass,175,37,48,1,Surf,56.4,21.0,13.5,162,0,0.6,1,49.5,0.5042
821,52,Electric,99,44,Flying,162,50,48,0,Ice Beam,125.1,0.0,0.0,162,0,0.6,0,67.3,0.64
822,56,Electric,94,40,Fire,160,37,48,0,Psychic,75.5,0.0,0.0,160,0,0.6,0,34.5,0.6277
823,34,Normal,76,38,Water,145,53,60,0,Flamethrower,95.0,0.0,0.0,145,0,0.6,0,21.7,0.4305
824,58,Electric,88,44,Water,154,53,46,0,Psychic,95.8,0.0,0.0,154,0,2.0,1,57.5,0.6304
825,67,Normal,110,36,Fire,134,39,41,0,Psychic,107.2,0.0,0.0,134,0,0.6,1,30.3,0.7101
826,55,Electric,95,32,Grass,125,29,44,0,Ice Beam,67.2,0.0,0.0,125,0,0.6,1,68.1,0.618
827,49,Fire,93,45,Fire,176,36,37,0,Flamethrower,91.2,0.0,0.0,176,0,0.6,1,76.6,0.6772
828,50,Fire,90,34,Fire,148,31,39,0,Thunderbolt,91.2,0.0,0.0,148,0,0.6,0,29.5,0.6424
829,37,Normal,54,45,Water,164,33,56,1,Bulldoze,43.3,42.7,16.1,148,0,0.6,0,33.7,0.5185
830,32,Electric,74,36,Fire,125,43,38,1,Discharge,46.6,48.2,35.5,90,0,0.6,1,47.9,0.4413
831,49,Normal,74,57,Flying,210,52,42,1,Bulldoze,71.1,54.2,43.2,167,0,0.6,0,53.0,0.5998
832,31,Normal,66,46,Water,166,42,52,1,Bulldoze,58.0,45.6,15.2,151,0,0.6,0,54.9,0.499
833,46,Electric,72,58,Psychic,186,58,64,1,Discharge,41.6,52.2,27.7,158,0,0.6,0,39.4,0.4855
834,62,Electric,95,49,Fire,187,41,75,0,Ice Beam,84.1,0.0,0.0,187,0,0.6,0,77.9,0.5988
835,42,Ground,79,52,Water,188,32,43,1,Earthquake,43.1,59.7,95.6,92,0,1.5,1,65.5,0.4534
836,25,Water,77,60,Flying,183,60,41,0,Thunderbolt,65.0,0.0,0.0,183,0,0.6,1,69.7,0.5025
837,49,Electric,97,59,Psychic,202,43,53,1,Discharge,89.7,80.0,42.8,159,0,0.6,1,37.8,0.6549
838,46,Normal,98,58,Grass,194,36,53,0,Ice Beam,112.7,0.0,0.0,194,0,0.6,1,38.9,0.6918
839,54,Ground,83,42,Fire,200,51,46,1,Earthquake,75.5,82.7,88.8,111,0,1.5,0,29.8,0.467
840,57,Normal,100,41,Psychic,179,62,47,1,Bulldoze,72.4,79.2,44.7,134,0,0.6,1,46.8,0.5339
841,40,Water,79,56,Psychic,214,56,51,0,Psychic,64.1,0.0,0.0,214,0,0.6,1,34.6,0.5338
842,47,Normal,97,45,Flying,174,43,31,1,Bulldoze,70.1,61.0,34.4,140,0,0.6,1,70.1,0.6322
843,55,Fire,101,66,Psychic,234,45,47,0,Psychic,97.7,0.0,0.0,234,0,0.6,1,41.1,0.7366
844,52,Fire,101,57,Psychic,199,46,37,0,Ice Beam,119.1,0.0,0.0,199,0,0.6,0,64.4,0.737
845,52,Normal,115,62,Grass,186,51,39,0,Flamethrower,105.6,0.0,0.0,186,0,0.6,0,18.3,0.7227
846,57,Fire,89,51,Fire,188,45,40,1,Bulldoze,54.5,50.0,30.7,157,0,0.6,0,67.2,0.6458
847,40,Electric,85,50,Water,175,40,42,1,Discharge,85.4,90.9,139.2,36,0,2.0,0,66.8,0.3916
848,50,Water,98,24,Grass,135,37,44,1,Surf,108.6,97.6,49.5,86,0,0.6,0,53.9,0.5747
849,51,Normal,99,36,Fire,156,38,53,1,Bulldoze,72.4,76.4,43.6,112,0,0.6,1,44.2,0.5456
850,24,Water,70,25,Grass,140,60,37,0,Psychic,49.4,0.0,0.0,140,0,0.6,0,51.3,0.3256
851,48,Ground,104,38,Water,164,64,49,1,Earthquake,80.5,88.7,127.0,37,0,1.5,1,59.2,0.2893
852,53,Ground,81,48,Water,168,37,35,1,Earthquake,57.5,62.3,83.3,85,0,1.5,1,49.9,0.5513
853,45,Electric,79,34,Grass,157,49,52,0,Ice Beam,83.1,0.0,0.0,157,0,0.6,0,64.0,0.4951
854,45,Normal,76,35,Psychic,122,44,48,1,Bulldoze,73.9,56.1,30.7,91,0,0.6,0,51.6,0.5157
855,42,Normal,90,61,Psychic,224,46,40,1,Bulldoze,57.5,55.1,51.0,173,0,0.6,0,73.8,0.5801
856,26,Water,63,46,Fire,170,48,49,1,Surf,58.9,42.6,78.6,91,0,1.5,0,54.8,0.3114
857,42,Water,70,42,Psychic,184,57,57,1,Surf,40.4,36.6,26.7,157,0,0.6,0,42.0,0.3984
858,33,Electric,75,50,Grass,211,36,42,1,Discharge,54.9,43.8,26.6,184,0,0.6,1,53.7,0.5542
859,49,Fire,82,38,Water,142,45,39,0,Ice Beam,80.4,0.0,0.0,142,0,0.6,0,47.3,0.5944
860,35,Electric,89,31,Grass,120,32,37,1,Discharge,56.2,70.4,39.6,80,0,0.6,0,77.4,0.5055
861,50,Fire,82,53,Fire,196,41,43,0,Flamethrower,90.2,0.0,0.0,196,0,0.6,0,48.3,0.6794
862,55,Fire,102,55,Water,185,57,73,1,Bulldoze,76.7,83.7,45.4,140,0,0.6,0,54.0,0.5245
863,38,Water,72,34,Flying,122,55,51,0,Flamethrower,90.5,0.0,0.0,122,0,0.6,0,56.3,0.4508
864,48,Water,80,34,Water,163,45,44,1,Surf,77.1,54.4,31.1,132,0,0.6,1,37.7,0.5378
865,45,Ground,100,45,Grass,168,49,57,0,Flamethrower,110.6,0.0,0.0,168,0,1.5,0,46.9,0.5654
866,32,Fire,72,35,Psychic,119,46,42,0,Flamethrower,69.9,0.0,0.0,119,0,0.6,0,26.3,0.4674
867,39,Normal,72,49,Grass,178,39,50,0,Body Slam,77.7,0.0,0.0,178,0,0.6,0,75.0,0.5777
868,51,Fire,87,52,Fire,191,37,58,1,Bulldoze,47.0,56.4,35.9,155,0,0.6,1,34.2,0.5727
869,40,Fire,74,43,Fire,192,36,40,1,Bulldoze,58.7,74.1,6.0,186,0,0.6,1,22.0,0.6511
870,46,Ground,79,53,Flying,236,42,56,0,Flamethrower,63.0,0.0,0.0,236,0,0.0,0,31.3,0.5805
871,40,Electric,95,26,Psychic,154,37,53,0,Ice Beam,111.7,0.0,0.0,154,0,0.6,0,84.0,0.5071
872,37,Ground,89,48,Flying,174,58,60,1,Earthquake,66.1,55.8,0.0,174,0,0.0,0,47.5,0.5099
873,48,Normal,97,32,Psychic,116,42,41,0,Ice Beam,83.3,0.0,0.0,116,0,0.6,1,42.1,0.5675
874,49,Normal,95,57,Grass,192,56,30,1,Bulldoze,81.8,70.9,38.1,154,0,0.6,1,44.3,0.671
875,39,Electric,90,56,Flying,199,43,44,0,Psychic,76.3,0.0,0.0,199,0,0.6,1,45.4,0.6169
876,27,Ground,64,30,Water,111,36,26,0,Flamethrower,68.2,0.0,0.0,111,0,1.5,0,46.5,0.5127
877,58,Fire,84,47,Flying,187,35,57,1,Bulldoze,73.9,67.0,33.9,153,0,0.6,0,43.1,0.6423
878,37,Ground,72,46,Psychic,156,42,45,0,Flamethrower,71.2,0.0,0.0,156,0,1.5,1,35.0,0.5526
879,45,Fire,82,53,Psychic,209,51,36,0,Ice Beam,95.7,0.0,0.0,209,0,0.6,1,53.6,0.6533
880,31,Water,61,32,Psychic,157,41,43,1,Surf,40.2,41.3,26.9,130,0,0.6,1,49.4,0.4106
881,67,Normal,92,39,Water,156,51,57,1,Bulldoze,53.9,83.2,46.5,110,0,0.6,1,24.0,0.5549
882,49,Electric,98,51,Grass,186,35,44,1,Discharge,45.0,80.3,63.3,123,0,0.6,1,44.0,0.5765
883,44,Fire,92,50,Fire,174,32,51,0,Flamethrower,70.2,0.0,0.0,174,0,0.6,0,45.8,0.6192
884,49,Water,105,48,Flying,169,46,31,0,Body Slam,98.0,0.0,0.0,169,0,0.6,1,57.3,0.6846
885,45,Water,95,45,Psychic,172,47,23,1,Surf,98.3,85.3,53.4,119,0,0.6,1,79.7,0.6534
886,51,Electric,85,64,Flying,195,46,43,0,Psychic,76.1,0.0,0.0,195,0,0.6,1,44.7,0.6996
887,50,Electric,96,37,Water,162,39,35,0,Thunderbolt,121.9,0.0,0.0,162,0,2.0,0,40.0,0.6769
888,47,Normal,89,38,Fire,156,49,53,0,Flamethrower,86.7,0.0,0.0,156,0,0.6,1,36.8,0.5259
889,56,Electric,104,57,Water,200,34,48,1,Discharge,80.4,68.8,179.8,20,0,2.0,1,66.2,0.3724
890,24,Water,82,51,Water,196,40,54,1,Surf,67.7,58.8,34.7,161,0,0.6,0,20.7,0.4689
891,53,Normal,105,49,Psychic,190,48,23,1,Bulldoze,96.9,66.4,64.7,125,0,0.6,1,63.1,0.6558
892,52,Ground,97,36,Fire,152,28,48,0,Ice Beam,94.5,0.0,0.0,152,0,1.5,1,33.8,0.6439
893,48,Water,111,47,Psychic,162,61,63,1,Surf,83.4,100.2,67.1,95,0,0.6,0,39.0,0.447
894,47,Normal,75,54,Grass,161,37,30,1,Bulldoze,49.1,34.7,31.0,130,0,0.6,1,70.4,0.6511
895,34,Ground,81,55,Grass,200,39,70,0,Body Slam,93.7,0.0,0.0,200,0,1.5,0,56.0,0.5283
896,47,Electric,82,32,Grass,134,43,59,0,Psychic,90.9,0.0,0.0,134,0,0.6,0,40.5,0.5011
897,54,Electric,78,36,Psychic,144,51,61,1,Discharge,70.3,51.7,31.7,112,0,0.6,1,54.4,0.4783
898,45,Electric,90,38,Fire,149,43,53,0,Ice Beam,107.8,0.0,0.0,149,0,0.6,1,36.0,0.5644
899,56,Water,93,42,Psychic,166,44,49,1,Surf,71.3,78.6,36.2,130,0,0.6,1,64.4,0.6112
900,67,Electric,97,39,Water,148,38,34,0,Body Slam,114.2,0.0,0.0,148,0,2.0,1,35.1,0.7523
901,28,Electric,66,37,Water,144,41,46,1,Discharge,53.7,39.9,100.9,43,0,2.0,1,64.6,0.26
902,49,Electric,86,57,Flying,160,46,46,0,Body Slam,96.5,0.0,0.0,160,0,0.6,1,43.1,0.6732
903,39,Normal,80,46,Psychic,180,49,43,0,Body Slam,51.6,0.0,0.0,180,0,0.6,0,64.8,0.5195
904,46,Normal,80,43,Psychic,183,40,54,1,Bulldoze,54.4,50.2,47.7,135,0,0.6,0,53.1,0.479
905,52,Water,73,51,Psychic,207,31,41,1,Surf,36.2,60.0,39.1,168,0,0.6,1,70.0,0.6388
906,49,Fire,91,50,Water,181,56,41,1,Bulldoze,73.3,60.6,39.2,142,0,0.6,1,25.2,0.5751
907,64,Fire,110,43,Grass,168,53,53,0,Flamethrower,66.6,0.0,0.0,168,0,0.6,1,79.1,0.5946
908,47,Fire,85,33,Psychic,157,51,42,0,Thunderbolt,84.3,0.0,0.0,157,0,0.6,0,61.5,0.5316
909,58,Ground,95,44,Grass,153,43,48,0,Psychic,85.5,0.0,0.0,153,0,1.5,1,36.5,0.6462
910,52,Fire,102,53,Flying,179,36,37,1,Bulldoze,89.9,71.4,47.5,132,0,0.6,1,27.4,0.6977
911,51,Water,92,35,Psychic,175,44,48,0,Thunderbolt,108.1,0.0,0.0,175,0,0.6,0,29.2,0.594
912,50,Fire,74,29,Water,164,53,35,0,Ice Beam,88.9,0.0,0.0,164,0,0.6,1,84.9,0.5509
913,46,Electric,91,33,Water,168,61,39,1,Discharge,80.1,64.8,135.9,32,0,2.0,0,25.4,0.2584
914,51,Ground,90,40,Water,151,39,37,0,Body Slam,102.6,0.0,0.0,151,0,1.5,0,57.5,0.6666
915,51,Electric,99,34,Flying,157,51,51,0,Flamethrower,73.0,0.0,0.0,157,0,0.6,1,55.8,0.5087
916,53,Ground,87,48,Flying,188,48,67,0,Psychic,89.2,0.0,0.0,188,0,0.0,0,60.2,0.56
917,45,Fire,74,41,Grass,174,46,33,0,Ice Beam,76.2,0.0,0.0,174,0,0.6,0,53.4,0.6025
918,48,Ground,100,43,Flying,150,50,39,1,Earthquake,55.5,70.7,0.5,150,0,0.0,0,29.3,0.6482
919,23,Ground,68,40,Flying,139,24,54,0,Body Slam,77.5,0.0,0.0,139,0,0.0,1,33.2,0.4944
920,52,Electric,73,41,Grass,186,55,34,1,Discharge,70.5,68.4,40.7,145,0,0.6,0,48.7,0.5775
921,35,Electric,76,36,Flying,151,52,19,0,Body Slam,49.3,0.0,0.0,151,0,0.6,1,48.5,0.5254
922,51,Ground,116,53,Water,193,47,61,1,Earthquake,94.9,99.8,116.2,77,0,1.5,1,54.2,0.4431
923,43,Normal,96,38,Grass,165,51,55,0,Body Slam,88.9,0.0,0.0,165,0,0.6,0,62.1,0.4936
924,57,Fire,100,29,Grass,126,38,51,1,Bulldoze,57.2,72.1,38.3,88,0,0.6,0,35.7,0.5371
925,56,Ground,91,47,Grass,187,45,51,0,Flamethrower,75.4,0.0,0.0,187,0,1.5,1,87.1,0.6218
926,28,Normal,85,43,Water,168,48,38,1,Bulldoze,77.0,53.0,45.8,122,0,0.6,1,53.6,0.4556
927,43,Fire,91,42,Grass,184,31,47,1,Bulldoze,63.2,61.9,45.9,138,0,0.6,0,20.2,0.549
928,61,Water,109,51,Fire,171,37,46,0,Ice Beam,81.0,0.0,0.0,171,0,1.5,1,31.8,0.7109
929,37,Electric,89,51,Flying,176,52,41,0,Psychic,90.6,0.0,0.0,176,0,0.6,1,42.9,0.5788
930,37,Ground,68,57,Fire,179,57,47,1,Earthquake,57.0,54.4,79.0,100,0,1.5,1,80.9,0.3982
931,40,Ground,97,48,Flying,152,38,55,0,Ice Beam,110.9,0.0,0.0,152,0,0.0,1,22.6,0.6034
932,41,Ground,90,44,Psychic,156,59,48,0,Psychic,97.5,0.0,0.0,156,0,1.5,1,50.1,0.5206
933,43,Water,83,51,Grass,206,31,46,1,Surf,56.0,66.4,37.7,168,0,0.6,1,61.0,0.613
934,59,Ground,93,56,Psychic,174,51,39,0,Body Slam,88.3,0.0,0.0,174,0,1.5,1,72.9,0.7092
935,43,Water,75,42,Water,165,20,38,0,Body Slam,57.5,0.0,0.0,165,0,0.6,1,84.2,0.6496
936,31,Fire,91,43,Flying,161,40,43,1,Bulldoze,64.3,65.6,45.1,116,0,0.6,0,82.7,0.4834
937,28,Normal,93,49,Psychic,153,55,45,1,Bulldoze,76.7,72.7,48.1,105,0,0.6,0,73.7,0.4517
938,59,Electric,101,46,Psychic,185,29,45,0,Thunderbolt,114.1,0.0,0.0,185,0,0.6,1,61.4,0.7428
939,38,Water,81,35,Grass,155,43,34,0,Flamethrower,97.6,0.0,0.0,155,0,0.6,1,64.9,0.5727
940,41,Fire,91,54,Flying,195,37,34,1,Bulldoze,51.4,64.9,32.3,163,0,0.6,1,38.9,0.6442
941,35,Water,74,22,Psychic,106,28,55,0,Ice Beam,68.7,0.0,0.0,106,0,0.6,1,65.8,0.435
942,48,Fire,96,57,Water,189,47,33,1,Bulldoze,74.2,74.2,36.2,153,0,0.6,0,56.3,0.6857
943,43,Water,72,39,Grass,177,58,37,1,Surf,58.2,42.6,36.1,141,0,0.6,1,26.4,0.4646
944,41,Normal,83,41,Fire,156,29,60,0,Ice Beam,81.9,0.0,0.0,156,0,0.6,0,2.5,0.5534
945,54,Electric,96,15,Fire,127,54,56,1,Discharge,67.1,81.2,44.4,83,0,0.6,0,39.2,0.384
946,60,Electric,96,38,Fire,157,50,36,1,Discharge,73.5,80.1,41.1,116,0,0.6,1,55.4,0.6288
947,36,Fire,76,29,Psychic,158,54,36,0,Psychic,78.8,0.0,0.0,158,0,0.6,1,64.0,0.4611
948,51,Electric,80,39,Water,176,50,46,1,Discharge,64.7,30.1,120.6,55,0,2.0,0,72.9,0.2948
949,35,Electric,78,48,Flying,184,35,46,0,Flamethrower,98.2,0.0,0.0,184,0,0.6,0,21.7,0.6073
950,31,Water,81,36,Psychic,142,61,41,0,Psychic,56.4,0.0,0.0,142,0,0.6,0,35.2,0.3994
951,35,Water,79,54,Water,193,33,36,0,Ice Beam,61.4,0.0,0.0,193,0,0.6,0,49.3,0.6346
952,38,Water,83,39,Grass,148,31,44,1,Surf,68.5,62.8,29.8,118,0,0.6,1,84.7,0.568
953,59,Fire,93,28,Grass,136,51,38,0,Flamethrower,95.2,0.0,0.0,136,0,0.6,1,57.6,0.5941
954,48,Fire,85,61,Water,197,55,35,0,Body Slam,117.1,0.0,0.0,197,0,0.6,1,71.0,0.7141
955,50,Ground,94,35,Grass,157,66,54,1,Earthquake,80.8,66.7,114.7,42,0,1.5,1,54.3,0.2671
956,56,Water,65,39,Fire,151,63,35,0,Flamethrower,69.2,0.0,0.0,151,0,1.5,1,58.1,0.5686
957,50,Water,90,35,Fire,152,46,52,1,Surf,68.6,58.5,96.6,55,0,1.5,1,60.6,0.3542
958,34,Water,77,42,Fire,167,50,56,0,Body Slam,65.5,0.0,0.0,167,0,1.5,0,54.2,0.4397
959,46,Ground,104,32,Fire,111,63,51,1,Earthquake,68.8,75.8,112.0,0,1,1.5,0,42.6,0.1738
960,46,Electric,81,52,Psychic,207,42,41,0,Ice Beam,104.8,0.0,0.0,207,0,0.6,1,52.6,0.6768
961,54,Ground,89,56,Fire,200,41,56,1,Earthquake,70.1,49.7,95.4,105,0,1.5,1,67.2,0.4725
962,44,Water,71,31,Water,131,39,39,0,Ice Beam,63.3,0.0,0.0,131,0,0.6,1,80.0,0.5366
963,45,Ground,90,24,Flying,117,36,48,0,Body Slam,100.1,0.0,0.0,117,0,0.0,1,54.0,0.5301
964,31,Ground,70,53,Grass,190,31,57,1,Earthquake,40.3,56.8,77.3,113,0,1.5,1,15.8,0.3947
965,55,Fire,71,46,Water,166,53,49,1,Bulldoze,63.3,37.5,21.4,145,0,0.6,0,48.8,0.5695
966,50,Normal,91,40,Psychic,154,71,38,0,Thunderbolt,105.0,0.0,0.0,154,0,0.6,0,54.9,0.5474
967,29,Normal,68,59,Fire,236,39,44,0,Ice Beam,81.7,0.0,0.0,236,0,0.6,1,27.7,0.6043
968,49,Normal,101,30,Flying,155,46,55,0,Thunderbolt,99.1,0.0,0.0,155,0,0.6,0,42.1,0.5151
969,35,Fire,80,46,Water,179,60,41,0,Psychic,90.9,0.0,0.0,179,0,0.6,0,35.7,0.5149
970,56,Fire,95,37,Grass,169,47,33,1,Bulldoze,84.4,87.5,43.3,126,0,0.6,1,53.4,0.6426
971,51,Water,72,42,Psychic,167,31,52,1,Surf,34.5,46.9,40.1,127,0,0.6,1,56.1,0.5302
972,43,Normal,81,54,Grass,171,40,63,0,Flamethrower,77.7,0.0,0.0,171,0,0.6,0,47.8,0.5704
973,41,Ground,90,36,Grass,155,43,37,1,Earthquake,45.1,73.6,93.1,62,0,1.5,0,37.0,0.3781
974,40,Fire,83,51,Water,160,21,41,1,Bulldoze,49.8,80.1,34.3,126,0,0.6,1,43.0,0.6674
975,40,Normal,83,63,Fire,208,62,54,0,Body Slam,87.1,0.0,0.0,208,0,0.6,1,49.4,0.5635
976,55,Ground,100,62,Fire,199,10,32,1,Earthquake,83.0,85.7,99.3,100,0,1.5,1,55.6,0.7428
977,39,Fire,64,49,Fire,158,39,43,0,Body Slam,75.3,0.0,0.0,158,0,0.6,1,30.8,0.6002
978,55,Water,86,39,Flying,166,41,60,0,Flamethrower,95.3,0.0,0.0,166,0,0.6,0,47.2,0.5846
979,33,Fire,69,39,Psychic,133,59,55,0,Body Slam,75.0,0.0,0.0,133,0,0.6,1,69.4,0.4025
980,56,Ground,103,25,Flying,121,46,45,1,Earthquake,74.2,73.8,7.9,113,0,0.0,0,61.6,0.6025
981,40,Water,87,27,Water,136,47,39,1,Surf,79.7,56.3,44.4,92,0,0.6,0,48.6,0.4467
982,32,Electric,67,43,Psychic,163,77,50,1,Discharge,35.4,63.1,26.5,136,0,0.6,1,50.9,0.3368
983,50,Ground,91,48,Grass,167,46,36,1,Earthquake,57.1,39.3,91.9,75,0,1.5,1,52.2,0.4484
984,29,Ground,83,40,Water,135,42,41,0,Body Slam,78.1,0.0,0.0,135,0,1.5,1,60.0,0.5064
985,27,Fire,71,55,Grass,212,24,30,0,Flamethrower,59.3,0.0,0.0,212,0,0.6,0,75.1,0.6517
986,33,Fire,71,42,Fire,153,40,35,0,Psychic,80.4,0.0,0.0,153,0,0.6,0,42.0,0.5688
987,45,Ground,83,55,Psychic,189,32,42,1,Earthquake,54.9,91.7,111.4,78,0,1.5,1,65.8,0.5022
988,19,Ground,57,46,Flying,136,48,56,1,Earthquake,35.6,30.2,8.7,127,0,0.0,0,59.8,0.3733
989,59,Water,92,36,Fire,137,42,47,1,Surf,54.2,78.4,122.2,15,0,1.5,0,50.7,0.379
990,41,Normal,84,44,Psychic,157,38,42,1,Bulldoze,69.6,83.2,42.5,114,0,0.6,1,47.9,0.5839
991,60,Normal,99,44,Water,159,34,35,0,Thunderbolt,114.2,0.0,0.0,159,0,0.6,1,53.4,0.7532
992,48,Ground,92,39,Grass,163,33,43,1,Earthquake,84.5,60.0,103.9,59,0,1.5,1,23.1,0.4461
993,33,Fire,89,52,Grass,146,45,41,1,Bulldoze,63.5,62.8,37.2,109,0,0.6,1,56.5,0.5423
994,61,Ground,102,45,Psychic,152,60,59,0,Flamethrower,81.5,0.0,0.0,152,0,1.5,1,39.8,0.5603
995,49,Normal,72,45,Grass,192,47,42,0,Psychic,68.4,0.0,0.0,192,0,0.6,1,51.7,0.5956
996,54,Fire,67,46,Water,164,24,40,1,Bulldoze,28.6,47.9,24.5,140,0,0.6,1,66.4,0.6632
997,58,Ground,98,49,Water,165,37,51,0,Flamethrower,92.0,0.0,0.0,165,0,1.5,1,65.8,0.6857
998,51,Ground,99,41,Grass,157,55,42,1,Earthquake,98.4,59.2,122.1,35,0,1.5,1,62.3,0.3663
999,62,Ground,110,35,Water,156,52,53,0,Ice Beam,124.9,0.0,0.0,156,0,1.5,1,27.8,0.62
1000,50,Normal,95,35,Flying,153,54,37,1,Bulldoze,84.9,71.7,50.5,102,0,0.6,0,44.9,0.5282
