pokemon_id,happiness_score,above_threshold,trainer_pressed_b,evolved,pokemon_level,friendship_days,trainer_skill,pokemon_species,battle_performance_post,battle_performance_itt,y0,y1
1,207.8,0,0,0,32,49,69.8,Eevee,78.4,68.4,81.3,95.8
2,214.0,0,0,0,37,46,41.5,Golbat,86.6,71.6,74.9,95.1
3,246.8,1,0,1,35,72,23.1,Pichu,86.9,94.4,86.3,92.0
4,207.9,0,0,0,27,52,40.2,Golbat,84.5,68.6,80.6,86.4
5,205.1,0,0,0,16,34,24.0,Togepi,60.4,62.8,68.5,88.1
6,170.9,0,0,0,32,31,43.5,Chansey,66.4,62.4,69.8,80.8
7,194.3,0,0,0,32,51,73.4,Chansey,77.4,75.1,69.7,90.1
8,280.0,1,0,1,28,71,44.9,Togepi,90.8,100.2,93.8,97.5
9,212.5,0,0,0,19,61,67.0,Chansey,82.4,70.0,75.8,82.7
10,202.2,0,0,0,43,59,57.3,Eevee,72.2,84.2,83.0,94.6
11,209.9,0,0,0,31,50,24.4,Eevee,78.9,70.4,76.5,93.0
12,238.7,1,0,1,33,67,64.2,Chansey,89.6,86.2,71.3,90.7
13,196.5,0,0,0,19,66,36.2,Golbat,66.4,68.1,62.3,85.1
14,195.4,0,0,0,21,34,38.0,Togepi,69.2,71.2,81.4,90.9
15,211.3,0,0,0,28,58,48.5,Chansey,74.3,77.7,74.6,84.1
16,219.8,0,0,0,30,63,32.8,Chansey,81.4,70.2,82.0,93.4
17,239.5,1,0,1,36,71,61.1,Pichu,94.9,87.9,87.3,106.6
18,209.7,0,0,0,29,58,24.3,Golbat,66.7,76.3,81.9,84.3
19,209.4,0,0,0,26,66,42.6,Eevee,64.5,62.0,69.1,75.9
20,150.0,0,0,0,32,16,41.0,Togepi,62.6,67.7,68.8,78.0
21,207.9,0,0,0,26,54,56.2,Pichu,78.8,74.1,69.6,89.5
22,182.2,0,0,0,28,51,64.1,Togepi,74.3,71.1,79.2,84.2
23,249.5,1,0,1,22,72,51.5,Eevee,82.9,87.1,77.5,95.0
24,224.3,1,0,1,21,71,63.6,Chansey,97.0,83.0,76.2,90.4
25,241.3,1,0,1,43,71,50.5,Chansey,102.0,104.4,90.4,86.3
26,206.8,0,0,0,31,70,23.6,Togepi,70.4,74.4,71.6,86.6
27,185.3,0,0,0,32,48,30.0,Chansey,71.4,75.7,71.1,90.3
28,200.2,0,0,0,23,54,68.0,Eevee,68.5,78.8,79.1,82.6
29,265.7,1,0,1,34,87,40.6,Chansey,94.8,86.4,84.0,94.0
30,168.3,0,0,0,27,37,70.6,Chansey,62.2,75.0,62.5,83.9
31,221.2,1,1,0,45,63,47.5,Golbat,79.8,94.3,88.1,91.7
32,280.0,1,0,1,27,77,18.5,Chansey,88.3,88.6,71.7,94.3
33,168.0,0,0,0,31,50,41.6,Eevee,64.7,73.8,70.6,80.4
34,261.2,1,0,1,35,77,24.3,Chansey,90.3,91.0,79.9,93.0
35,241.9,1,0,1,47,66,48.4,Togepi,102.2,90.2,93.6,104.8
36,239.5,1,0,1,30,63,37.2,Eevee,90.3,81.2,72.6,93.5
37,226.4,1,0,1,42,68,43.4,Pichu,90.2,90.6,85.8,90.1
38,217.7,0,0,0,29,73,75.3,Golbat,70.4,81.4,78.9,90.5
39,220.1,1,1,0,29,55,42.9,Pichu,76.8,88.2,83.3,89.3
40,223.5,1,0,1,36,51,66.4,Eevee,88.4,98.4,73.5,86.5
41,207.0,0,0,0,32,55,50.8,Eevee,76.3,80.0,73.2,76.8
42,255.0,1,0,1,28,72,45.6,Togepi,94.7,89.2,78.8,87.8
43,176.6,0,0,0,32,40,33.9,Golbat,72.8,70.3,67.4,84.9
44,206.6,0,0,0,28,53,37.2,Eevee,77.2,70.7,80.2,86.8
45,174.1,0,0,0,32,33,57.2,Togepi,71.3,74.1,76.9,88.2
46,226.3,1,1,0,18,66,56.0,Togepi,69.8,92.6,70.7,90.2
47,193.2,0,0,0,28,61,51.6,Chansey,71.3,76.0,74.6,82.1
48,232.8,1,1,0,25,75,63.9,Golbat,80.1,82.5,80.8,101.0
49,228.1,1,0,1,26,68,75.5,Chansey,90.7,93.2,77.7,77.4
50,238.4,1,0,1,30,70,59.2,Pichu,88.6,95.4,79.0,98.9
51,205.9,0,0,0,32,51,47.1,Pichu,83.6,71.7,71.7,83.2
52,278.0,1,0,1,49,93,40.9,Pichu,106.9,101.3,91.3,106.2
53,241.6,1,0,1,28,83,76.4,Eevee,95.2,90.9,77.9,98.6
54,200.1,0,0,0,16,50,26.0,Pichu,71.4,70.7,71.6,75.7
55,244.4,1,0,1,37,75,57.4,Golbat,97.4,92.9,85.4,96.8
56,183.1,0,0,0,41,17,56.1,Chansey,78.7,71.6,77.9,92.9
57,172.0,0,0,0,30,32,50.0,Chansey,67.2,72.7,66.2,85.1
58,232.8,1,0,1,25,66,39.8,Togepi,92.8,90.1,77.7,76.5
59,211.6,0,0,0,31,50,42.4,Eevee,72.2,84.2,71.9,89.4
60,265.7,1,0,1,40,88,69.9,Togepi,107.7,102.3,97.3,100.3
61,219.4,0,0,0,25,73,54.3,Pichu,76.6,80.6,73.6,86.4
62,258.0,1,0,1,25,92,63.4,Togepi,89.4,92.9,81.6,92.6
63,212.8,0,0,0,26,48,66.5,Pichu,66.1,74.4,77.4,86.9
64,222.8,1,0,1,24,59,81.0,Chansey,89.8,89.4,77.4,88.1
65,264.6,1,0,1,38,97,68.8,Chansey,99.2,92.5,83.2,97.3
66,218.8,0,0,0,29,63,43.2,Togepi,75.7,76.9,80.1,81.5
67,197.0,0,0,0,36,40,81.2,Pichu,65.8,75.2,70.1,85.8
68,256.4,1,0,1,34,70,54.2,Pichu,96.0,95.6,87.3,103.7
69,229.0,1,0,1,28,57,63.1,Golbat,84.0,85.4,80.2,86.1
70,253.2,1,0,1,51,80,76.8,Chansey,102.9,107.2,93.9,100.7
71,200.4,0,0,0,42,55,53.1,Togepi,90.9,84.9,82.2,96.7
72,154.7,0,0,0,30,31,59.9,Chansey,73.7,64.3,71.0,81.5
73,233.9,1,0,1,41,59,53.6,Togepi,101.6,81.3,81.5,96.7
74,225.5,1,0,1,18,62,47.0,Eevee,88.9,81.8,80.7,86.2
75,225.7,1,0,1,33,64,40.2,Togepi,79.4,92.6,79.4,85.3
76,238.5,1,0,1,32,77,31.5,Chansey,99.2,96.6,72.9,98.7
77,258.8,1,0,1,35,81,59.4,Eevee,98.0,94.0,83.0,101.6
78,226.3,1,0,1,26,63,65.2,Pichu,88.9,85.8,73.5,81.1
79,224.1,1,0,1,41,65,39.6,Pichu,93.5,89.2,86.6,83.9
80,209.6,0,0,0,33,53,28.4,Golbat,76.3,67.9,65.5,76.8
81,194.9,0,0,0,32,38,34.0,Pichu,69.0,71.6,72.2,85.0
82,200.5,0,0,0,34,46,46.8,Togepi,68.8,79.4,78.6,86.8
83,212.4,0,0,0,38,58,37.9,Golbat,74.3,68.3,68.4,82.6
84,197.3,0,0,0,32,48,32.3,Pichu,66.4,76.7,74.0,83.4
85,150.0,0,0,0,29,34,88.1,Togepi,78.2,76.6,70.7,87.5
86,191.9,0,0,0,37,46,41.8,Pichu,66.3,73.1,78.9,86.0
87,183.8,0,0,0,18,36,39.3,Eevee,60.7,68.1,74.6,82.3
88,210.4,0,0,0,38,43,48.6,Togepi,83.8,77.9,75.2,80.9
89,225.9,1,0,1,29,58,74.7,Pichu,94.5,92.3,80.1,94.1
90,216.0,0,0,0,32,50,51.8,Golbat,69.5,75.3,76.7,79.9
91,201.9,0,0,0,27,57,58.4,Pichu,82.0,68.6,80.1,85.9
92,249.2,1,0,1,27,76,56.0,Pichu,85.6,89.0,75.1,94.2
93,195.4,0,0,0,54,38,59.8,Pichu,77.0,77.7,81.5,90.3
94,199.1,0,0,0,29,46,55.6,Golbat,67.8,73.0,79.5,80.1
95,177.0,0,0,0,27,33,51.0,Eevee,67.6,67.2,67.6,81.1
96,225.0,1,0,1,37,63,55.9,Pichu,92.9,90.3,86.1,93.8
97,217.3,0,0,0,44,48,48.4,Chansey,81.1,82.6,77.6,98.0
98,280.0,1,0,1,24,92,73.5,Pichu,97.9,100.0,89.7,104.9
99,193.0,0,0,0,31,46,39.9,Eevee,68.7,74.6,73.7,83.6
100,197.0,0,0,0,28,51,73.0,Togepi,75.5,76.7,76.3,82.8
101,232.0,1,0,1,32,57,63.7,Togepi,83.6,93.2,78.4,90.3
102,240.8,1,0,1,31,73,57.0,Pichu,98.8,90.8,79.9,98.0
103,150.0,0,0,0,23,14,55.9,Pichu,63.9,58.7,70.1,67.9
104,229.4,1,0,1,27,66,42.2,Eevee,87.3,83.3,79.9,97.2
105,224.5,1,0,1,29,74,49.7,Pichu,93.4,85.3,82.3,90.2
106,246.1,1,0,1,37,68,34.5,Golbat,95.9,83.7,84.0,87.5
107,264.3,1,0,1,38,100,35.5,Pichu,101.1,101.4,88.2,97.2
108,235.6,1,0,1,33,65,70.4,Togepi,97.8,87.9,84.1,102.9
109,252.2,1,0,1,28,66,58.2,Chansey,99.6,97.5,84.5,101.8
110,204.2,0,0,0,21,48,49.9,Pichu,82.0,69.5,65.8,87.7
111,233.6,1,0,1,27,73,44.9,Togepi,91.1,84.7,79.9,86.7
112,235.8,1,0,1,28,55,28.5,Golbat,89.2,77.0,75.6,81.8
113,280.0,1,0,1,17,100,67.9,Golbat,99.8,95.5,72.5,94.4
114,235.5,1,0,1,30,69,60.1,Pichu,89.8,96.9,72.2,100.0
115,203.3,0,0,0,27,52,82.9,Golbat,86.6,84.9,80.8,91.7
116,183.7,0,0,0,37,43,57.6,Eevee,63.3,83.2,79.9,84.6
117,195.7,0,0,0,28,51,50.8,Pichu,63.5,71.2,69.5,74.3
118,219.1,0,0,0,39,49,53.5,Chansey,81.7,83.7,80.3,93.3
119,192.8,0,0,0,27,45,47.7,Golbat,77.4,74.2,73.7,87.1
120,211.7,0,0,0,30,60,26.7,Togepi,64.9,76.0,77.0,91.7
121,276.0,1,0,1,31,89,65.5,Eevee,102.8,87.2,86.0,90.3
122,219.3,0,0,0,28,63,51.8,Pichu,68.4,82.7,77.2,87.9
123,237.9,1,0,1,43,80,38.7,Pichu,87.5,94.5,87.2,90.6
124,223.9,1,0,1,31,59,33.2,Chansey,91.2,91.9,77.4,79.6
125,193.2,0,0,0,24,46,19.7,Eevee,67.6,70.7,58.3,82.7
126,193.9,0,0,0,17,58,55.0,Golbat,68.1,67.5,71.3,84.0
127,206.9,0,0,0,38,63,51.1,Pichu,73.0,77.6,86.3,86.2
128,222.1,1,0,1,26,52,42.7,Chansey,89.6,78.2,69.2,82.9
129,229.9,1,1,0,33,58,45.5,Golbat,76.0,90.8,79.9,98.4
130,217.6,0,0,0,34,70,54.9,Golbat,90.1,72.2,80.2,101.1
131,237.7,1,0,1,30,54,40.7,Eevee,84.9,87.0,81.3,92.4
132,224.1,1,0,1,29,69,62.0,Togepi,87.0,80.4,83.8,96.6
133,219.5,0,0,0,36,63,46.1,Chansey,70.8,74.5,66.1,87.5
134,208.4,0,0,0,29,67,23.3,Chansey,69.4,68.9,75.1,91.6
135,280.0,1,0,1,27,90,54.5,Eevee,98.9,90.9,87.3,98.6
136,218.1,0,0,0,32,50,43.1,Chansey,77.2,73.2,71.6,93.0
137,189.7,0,0,0,33,47,34.9,Chansey,68.9,74.3,70.0,82.8
138,200.6,0,0,0,27,55,21.7,Eevee,70.5,73.0,70.0,87.2
139,243.7,1,0,1,29,62,53.3,Eevee,85.3,91.3,79.5,96.7
140,215.2,0,0,0,20,76,45.7,Pichu,70.1,71.4,70.6,82.6
141,241.8,1,1,0,34,62,48.5,Chansey,86.5,84.9,83.6,97.0
142,180.8,0,0,0,22,43,50.2,Golbat,71.1,71.9,69.4,73.9
143,209.5,0,0,0,36,70,32.3,Golbat,75.3,71.7,68.5,79.6
144,237.3,1,0,1,18,85,56.2,Golbat,87.7,89.3,78.6,83.5
145,192.6,0,0,0,28,44,48.2,Togepi,63.5,69.3,72.3,92.9
146,239.4,1,0,1,19,94,65.2,Golbat,93.3,97.6,77.9,93.7
147,215.5,0,0,0,28,54,51.9,Eevee,66.6,72.1,72.3,85.7
148,180.2,0,0,0,20,38,53.8,Eevee,73.2,70.1,71.2,79.9
149,222.5,1,0,1,50,65,62.7,Togepi,101.9,98.6,85.9,94.1
150,246.2,1,0,1,33,65,64.6,Golbat,99.1,82.5,77.9,91.5
151,221.3,1,1,0,23,66,60.8,Eevee,79.2,87.6,75.3,89.1
152,236.3,1,0,1,25,63,53.5,Togepi,90.1,89.1,75.1,84.3
153,227.3,1,0,1,26,71,49.5,Togepi,84.1,85.2,74.2,89.2
154,235.7,1,0,1,17,76,73.3,Chansey,86.3,87.3,76.6,88.9
155,200.9,0,0,0,27,35,41.1,Pichu,80.2,74.2,76.6,78.7
156,196.6,0,0,0,37,61,64.3,Chansey,72.2,78.3,76.1,92.3
157,207.3,0,0,0,28,46,14.8,Pichu,72.5,75.1,67.6,80.7
158,216.0,0,0,0,39,52,71.8,Golbat,84.9,80.9,76.7,87.7
159,222.3,1,0,1,28,62,66.2,Pichu,92.2,92.8,79.7,93.3
160,248.5,1,0,1,22,65,57.5,Togepi,91.9,92.5,76.8,97.8
161,205.4,0,0,0,28,55,64.0,Togepi,79.8,72.4,62.7,83.4
162,263.6,1,0,1,32,73,33.9,Golbat,91.5,88.4,81.6,92.9
163,246.4,1,0,1,30,69,42.1,Eevee,87.4,96.0,70.7,90.2
164,184.1,0,0,0,17,30,44.8,Golbat,66.4,62.8,69.5,74.4
165,227.5,1,0,1,39,59,43.8,Togepi,95.9,96.3,77.2,89.6
166,192.8,0,0,0,27,56,67.8,Golbat,78.9,70.6,69.7,85.2
167,192.6,0,0,0,27,34,40.0,Togepi,66.0,60.1,67.1,89.6
168,204.2,0,0,0,10,37,40.5,Pichu,70.9,64.0,74.4,79.7
169,221.8,1,0,1,23,57,53.8,Pichu,88.2,85.5,81.6,86.5
170,213.1,0,0,0,40,58,57.0,Golbat,81.6,73.9,83.0,98.1
171,222.7,1,1,0,34,70,19.6,Pichu,73.1,77.4,75.1,96.8
172,200.3,0,0,0,24,55,91.7,Golbat,77.6,83.9,78.3,90.7
173,259.8,1,0,1,23,76,63.7,Pichu,84.3,92.4,80.4,94.5
174,220.5,1,0,1,22,61,48.8,Eevee,87.5,89.1,70.1,94.8
175,226.8,1,1,0,26,71,62.1,Eevee,77.9,84.7,75.2,85.9
176,208.1,0,0,0,29,50,47.6,Togepi,76.6,70.4,68.4,87.4
177,214.7,0,0,0,32,43,71.4,Togepi,84.2,80.8,80.3,91.0
178,222.1,1,0,1,34,46,54.6,Golbat,91.5,85.7,75.0,96.0
179,236.7,1,0,1,28,79,63.2,Eevee,99.3,99.2,81.3,85.4
180,197.2,0,0,0,35,62,61.4,Eevee,73.9,74.7,74.5,95.2
181,198.6,0,0,0,29,59,57.2,Togepi,74.0,79.4,71.5,90.3
182,226.5,1,0,1,37,57,52.1,Chansey,89.8,92.7,79.6,86.3
183,264.1,1,0,1,27,85,83.4,Golbat,92.9,96.9,77.4,95.7
184,258.0,1,0,1,23,66,90.3,Eevee,103.3,101.2,80.9,96.5
185,241.4,1,0,1,36,46,39.0,Golbat,87.2,82.9,87.6,95.0
186,171.8,0,0,0,16,41,51.9,Eevee,65.3,64.6,70.3,81.8
187,190.3,0,0,0,22,24,58.8,Togepi,70.5,62.9,71.2,88.9
188,228.1,1,0,1,23,73,67.8,Togepi,101.4,89.1,83.8,92.5
189,181.4,0,0,0,31,38,85.1,Togepi,78.8,67.1,86.6,93.6
190,169.9,0,0,0,38,29,67.2,Eevee,73.3,76.3,78.2,84.3
191,217.0,0,0,0,31,54,27.4,Chansey,77.2,76.9,75.5,94.9
192,208.4,0,0,0,19,62,51.8,Togepi,73.1,85.0,71.4,80.6
193,174.5,0,0,0,19,23,53.2,Golbat,78.7,68.6,68.6,79.1
194,211.4,0,0,0,22,39,74.8,Chansey,84.0,72.8,84.3,89.9
195,238.1,1,0,1,17,89,65.4,Chansey,95.2,82.6,72.8,93.0
196,270.2,1,0,1,23,69,63.1,Togepi,95.4,99.4,84.3,93.0
197,265.9,1,0,1,29,75,58.1,Togepi,90.1,99.3,78.4,104.6
198,229.7,1,0,1,33,59,24.1,Pichu,89.3,86.6,75.2,88.4
199,217.8,0,0,0,24,59,49.1,Eevee,68.6,71.4,75.9,80.9
200,150.0,0,0,0,30,27,63.4,Togepi,66.3,60.0,68.7,82.9
201,275.5,1,0,1,33,76,48.2,Chansey,102.6,96.9,86.1,103.4
202,245.5,1,0,1,22,85,57.7,Chansey,85.3,89.7,78.7,88.3
203,215.4,0,0,0,37,54,76.7,Golbat,81.6,79.1,79.8,97.1
204,227.6,1,0,1,40,78,56.7,Pichu,92.1,92.3,89.3,90.7
205,207.0,0,0,0,30,50,93.5,Chansey,84.8,77.9,78.3,86.2
206,235.8,1,0,1,28,74,47.8,Togepi,100.9,93.4,73.2,97.1
207,222.0,1,0,1,31,53,76.3,Golbat,97.2,98.2,84.4,96.8
208,268.5,1,0,1,25,81,73.1,Pichu,96.6,91.2,79.7,92.8
209,280.0,1,0,1,33,74,33.3,Eevee,99.3,94.1,88.7,94.0
210,197.6,0,0,0,27,56,39.2,Chansey,72.6,71.9,72.6,83.3
211,272.4,1,0,1,33,83,59.5,Pichu,99.3,95.5,93.9,100.6
212,251.6,1,0,1,30,80,72.6,Eevee,98.6,88.3,87.7,96.5
213,222.3,1,0,1,24,71,49.5,Togepi,86.8,86.5,74.6,93.9
214,225.2,1,0,1,40,61,64.2,Togepi,98.4,93.5,84.5,99.9
215,192.8,0,0,0,31,41,60.8,Chansey,74.6,82.6,74.3,87.0
216,213.3,0,0,0,24,49,57.1,Golbat,73.2,76.7,69.6,85.6
217,231.9,1,0,1,29,63,51.9,Pichu,86.6,87.6,81.6,95.6
218,222.2,1,0,1,26,61,76.6,Togepi,79.6,78.9,85.4,86.3
219,201.9,0,0,0,24,33,38.6,Chansey,63.2,67.2,67.5,82.2
220,209.6,0,0,0,34,55,44.0,Eevee,77.3,75.2,81.1,91.8
221,183.8,0,0,0,17,45,78.9,Pichu,62.5,64.7,72.7,77.5
222,232.8,1,0,1,26,71,47.1,Pichu,84.2,92.4,70.3,93.1
223,239.1,1,0,1,26,67,45.8,Pichu,90.3,86.9,69.6,80.9
224,203.3,0,0,0,15,33,49.4,Eevee,70.4,65.1,63.5,75.9
225,213.5,0,0,0,18,50,57.1,Togepi,66.0,66.6,69.0,92.3
226,247.0,1,0,1,35,68,41.3,Eevee,89.4,98.2,83.4,94.0
227,218.3,0,0,0,32,50,59.1,Pichu,70.0,82.1,71.4,94.7
228,221.3,1,0,1,23,53,47.5,Chansey,85.8,89.4,69.4,78.9
229,248.7,1,0,1,31,52,39.9,Chansey,91.3,92.5,82.8,98.8
230,219.3,0,0,0,35,81,53.9,Chansey,78.5,77.7,80.9,92.6
231,259.3,1,0,1,41,90,77.0,Golbat,100.8,101.9,93.7,91.7
232,198.6,0,0,0,28,48,51.2,Togepi,83.6,71.5,75.5,87.6
233,210.5,0,0,0,22,63,54.3,Golbat,73.1,76.2,60.6,83.5
234,214.8,0,0,0,19,63,39.9,Eevee,80.0,76.2,71.7,82.3
235,207.5,0,0,0,26,64,54.8,Eevee,78.4,74.4,70.7,87.4
236,202.8,0,0,0,25,39,52.3,Pichu,74.0,67.7,79.6,86.5
237,257.3,1,0,1,32,90,79.1,Pichu,98.2,95.3,84.1,93.3
238,255.8,1,0,1,28,76,34.1,Chansey,100.4,87.8,73.3,91.4
239,150.7,0,0,0,35,20,61.0,Eevee,70.8,68.0,64.3,87.8
240,181.9,0,0,0,36,30,76.7,Togepi,79.6,72.5,76.9,83.5
241,212.9,0,0,0,39,50,35.9,Chansey,74.4,68.6,72.2,91.1
242,227.3,1,0,1,34,54,48.8,Chansey,92.1,83.7,84.7,94.8
243,233.6,1,1,0,41,65,43.1,Togepi,80.2,85.2,87.8,94.6
244,223.7,1,0,1,35,63,42.6,Eevee,84.5,92.8,81.5,90.3
245,176.1,0,0,0,36,51,64.2,Golbat,71.4,76.4,63.6,87.4
246,179.3,0,0,0,24,53,38.6,Togepi,73.4,70.4,59.2,71.8
247,168.5,0,0,0,12,32,36.0,Chansey,61.0,66.8,72.1,69.2
248,232.3,1,0,1,23,72,16.2,Chansey,81.4,82.5,69.0,81.6
249,157.5,0,0,0,26,31,23.3,Togepi,66.7,62.2,65.3,74.6
250,186.6,0,0,0,25,54,58.7,Golbat,79.7,65.3,72.4,95.5
251,259.8,1,0,1,22,78,72.8,Pichu,101.0,91.1,87.8,102.0
252,255.2,1,1,0,16,77,88.5,Eevee,79.2,88.4,83.8,95.7
253,221.8,1,0,1,36,70,29.5,Eevee,94.2,81.1,70.3,89.4
254,246.0,1,0,1,41,68,36.5,Togepi,104.1,90.8,78.0,94.9
255,238.9,1,0,1,38,65,41.5,Golbat,97.0,99.0,84.1,97.6
256,249.9,1,0,1,35,76,44.3,Golbat,94.1,94.7,75.8,90.2
257,256.1,1,0,1,15,74,58.7,Togepi,91.7,84.4,77.9,82.6
258,280.0,1,0,1,28,91,30.1,Golbat,90.2,94.0,80.3,89.7
259,210.0,0,0,0,38,65,58.1,Pichu,83.0,74.5,74.9,99.0
260,218.3,0,0,0,23,58,47.4,Eevee,69.6,79.9,73.4,91.9
261,250.1,1,0,1,21,66,68.3,Chansey,89.0,89.2,80.0,94.4
262,247.6,1,0,1,31,63,27.8,Eevee,90.0,95.0,76.1,80.7
263,278.7,1,0,1,33,77,65.8,Togepi,99.5,98.4,89.8,91.0
264,225.1,1,0,1,32,69,58.6,Togepi,82.5,93.5,78.7,91.6
265,231.6,1,0,1,38,70,49.9,Eevee,90.0,86.9,83.6,92.1
266,222.5,1,0,1,28,41,45.2,Golbat,85.1,86.3,78.9,86.0
267,190.9,0,0,0,40,46,61.6,Pichu,67.4,77.0,82.2,88.0
268,212.8,0,0,0,32,53,42.2,Golbat,78.7,79.8,78.2,96.7
269,214.1,0,0,0,28,64,52.1,Pichu,73.1,77.8,82.2,89.6
270,205.5,0,0,0,47,57,56.1,Pichu,82.8,83.5,86.1,89.1
271,250.3,1,0,1,32,88,53.1,Pichu,86.8,93.8,83.0,99.5
272,204.7,0,0,0,28,58,54.4,Eevee,75.4,71.0,78.2,85.2
273,255.3,1,0,1,30,67,55.8,Chansey,95.2,90.1,78.5,96.8
274,217.2,0,0,0,37,60,76.8,Pichu,87.5,84.5,82.7,95.7
275,189.5,0,0,0,18,55,60.9,Togepi,70.6,64.5,82.0,87.4
276,197.6,0,0,0,34,56,36.1,Togepi,70.7,76.1,63.5,79.5
277,225.2,1,0,1,24,59,21.9,Eevee,92.2,71.5,75.3,81.5
278,227.9,1,0,1,12,64,51.2,Togepi,82.6,80.2,73.5,90.9
279,158.6,0,0,0,19,3,31.6,Golbat,63.4,63.0,62.8,76.8
280,150.0,0,0,0,35,51,43.9,Pichu,71.4,70.1,68.8,80.1
281,255.2,1,0,1,29,55,51.0,Togepi,90.7,89.1,72.1,99.0
282,193.1,0,0,0,10,45,59.3,Togepi,67.4,60.8,71.2,83.0
283,213.5,0,0,0,25,42,60.5,Pichu,71.4,67.2,75.8,92.9
284,213.3,0,0,0,27,61,57.2,Chansey,72.0,69.1,74.5,90.8
285,233.1,1,0,1,30,82,34.5,Golbat,93.1,88.9,79.0,81.1
286,230.1,1,0,1,15,48,85.7,Togepi,87.0,90.4,76.7,87.2
287,213.8,0,0,0,20,73,27.1,Eevee,72.9,74.7,79.6,76.7
288,258.2,1,0,1,37,85,44.0,Pichu,97.6,100.3,91.1,97.6
289,232.0,1,0,1,24,61,22.1,Eevee,83.4,88.9,69.7,90.6
290,177.4,0,0,0,32,35,55.0,Togepi,64.4,85.3,68.6,76.3
291,184.4,0,0,0,21,57,37.7,Eevee,74.7,77.1,75.2,86.8
292,239.2,1,0,1,14,61,53.8,Togepi,92.9,82.4,84.4,86.6
293,208.9,0,0,0,35,60,69.3,Togepi,76.1,74.1,79.5,84.6
294,231.6,1,0,1,23,75,56.8,Eevee,88.6,83.5,81.8,97.5
295,196.5,0,0,0,30,37,39.4,Togepi,70.5,86.4,66.7,85.0
296,175.8,0,0,0,46,34,58.2,Togepi,79.5,71.5,74.6,99.1
297,202.3,0,0,0,26,58,65.4,Chansey,70.1,81.0,76.9,76.4
298,242.1,1,0,1,24,75,71.3,Golbat,95.2,94.4,80.5,94.9
299,214.0,0,0,0,18,57,26.4,Eevee,72.9,68.1,69.4,85.3
300,173.0,0,0,0,32,51,65.6,Chansey,79.8,77.7,75.8,85.3
301,175.8,0,0,0,29,59,66.1,Pichu,70.2,69.0,67.4,80.4
302,240.1,1,0,1,29,56,100.0,Golbat,93.3,92.9,84.9,103.8
303,269.2,1,0,1,43,98,75.3,Togepi,103.4,91.2,88.2,103.7
304,232.8,1,0,1,29,57,75.3,Eevee,91.0,87.6,80.1,97.1
305,227.5,1,0,1,33,63,33.9,Eevee,91.5,90.7,81.4,88.7
306,202.2,0,0,0,36,38,29.7,Chansey,82.6,82.1,72.6,84.0
307,210.3,0,0,0,22,58,50.9,Chansey,71.9,71.3,75.9,81.7
308,226.7,1,0,1,26,65,45.3,Golbat,100.2,86.8,77.5,95.8
309,198.0,0,0,0,23,55,60.4,Eevee,68.9,76.6,73.2,89.4
310,248.1,1,1,0,36,93,45.0,Golbat,89.7,92.5,83.0,89.9
311,230.1,1,0,1,35,68,53.0,Pichu,97.0,86.5,82.4,86.7
312,238.9,1,1,0,23,62,14.4,Chansey,71.9,81.9,62.7,83.1
313,228.6,1,0,1,24,92,69.6,Pichu,88.7,92.7,79.9,93.7
314,223.2,1,0,1,27,76,55.9,Eevee,86.3,95.0,68.8,93.5
315,218.5,0,0,0,29,76,34.3,Chansey,76.1,79.0,75.4,87.5
316,243.4,1,0,1,32,66,60.4,Golbat,96.7,89.0,80.3,93.8
317,205.5,0,0,0,30,32,57.9,Pichu,81.6,76.3,76.0,79.4
318,218.2,0,0,0,28,48,55.2,Golbat,75.9,80.1,87.6,86.2
319,246.9,1,0,1,44,90,55.0,Golbat,94.8,100.2,91.2,94.8
320,243.7,1,0,1,23,70,46.8,Pichu,89.7,85.4,68.4,81.3
321,244.6,1,0,1,34,66,43.6,Togepi,101.0,88.1,82.9,92.2
322,280.0,1,0,1,29,100,32.5,Eevee,102.8,98.2,91.0,90.9
323,218.1,0,0,0,11,62,65.7,Pichu,70.9,71.1,67.0,80.7
324,173.7,0,0,0,39,33,89.6,Golbat,81.9,66.3,76.1,101.9
325,231.4,1,0,1,37,50,24.1,Golbat,78.4,87.7,82.6,88.0
326,201.2,0,0,0,24,39,46.7,Pichu,70.0,72.1,76.4,80.9
327,181.9,0,0,0,26,58,44.4,Chansey,67.9,68.1,78.6,74.3
328,195.8,0,0,0,19,36,76.1,Pichu,68.5,77.2,75.8,86.1
329,196.3,0,0,0,34,40,55.8,Chansey,68.5,77.1,70.6,84.7
330,239.5,1,0,1,20,64,60.3,Pichu,85.0,89.2,71.8,89.4
331,177.2,0,0,0,28,30,27.9,Chansey,68.1,73.0,62.0,86.4
332,235.0,1,0,1,25,68,63.2,Eevee,98.2,85.2,81.0,87.6
333,187.9,0,0,0,28,65,60.6,Eevee,76.5,76.5,73.2,87.5
334,204.9,0,0,0,24,55,40.4,Togepi,68.5,73.4,64.5,85.3
335,219.0,0,0,0,39,62,57.4,Togepi,78.0,81.4,85.7,91.3
336,235.7,1,0,1,26,62,35.5,Golbat,83.1,87.0,75.2,91.6
337,231.2,1,0,1,27,70,43.3,Golbat,97.3,92.1,77.9,93.3
338,192.6,0,0,0,38,34,50.0,Pichu,77.1,78.8,66.9,86.2
339,261.7,1,0,1,17,98,35.2,Golbat,85.2,87.9,81.9,80.5
340,242.7,1,0,1,32,66,25.9,Togepi,86.5,95.4,76.1,98.3
341,212.9,0,0,0,26,46,59.4,Chansey,76.2,81.2,81.2,97.2
342,180.0,0,0,0,35,46,27.7,Pichu,66.3,66.1,70.6,84.5
343,280.0,1,0,1,28,100,39.2,Togepi,102.9,94.8,88.2,91.6
344,185.4,0,0,0,22,42,54.2,Golbat,64.9,69.0,68.7,76.4
345,204.2,0,0,0,27,55,62.2,Chansey,61.7,74.3,74.0,88.4
346,191.4,0,0,0,34,33,26.7,Golbat,74.0,74.8,70.3,82.3
347,220.3,1,0,1,41,58,39.6,Chansey,99.7,95.6,74.9,94.6
348,237.0,1,1,0,28,67,51.9,Golbat,66.9,87.5,71.2,87.6
349,212.1,0,0,0,31,82,37.9,Pichu,77.1,71.2,72.5,87.2
350,207.2,0,0,0,36,54,24.1,Togepi,75.3,68.8,70.0,81.7
351,242.7,1,0,1,37,50,77.7,Eevee,101.0,94.4,80.6,103.1
352,208.1,0,0,0,26,56,34.4,Pichu,66.9,76.2,72.3,83.0
353,213.6,0,0,0,28,55,85.6,Togepi,76.4,81.7,75.6,92.2
354,204.3,0,0,0,27,56,78.1,Golbat,88.5,76.7,83.8,84.0
355,199.3,0,0,0,14,62,62.6,Togepi,63.1,65.7,75.0,76.8
356,187.8,0,0,0,33,39,52.5,Golbat,76.0,80.0,73.3,79.0
357,231.5,1,0,1,26,64,48.7,Golbat,95.4,86.7,69.5,92.8
358,215.1,0,0,0,47,51,47.9,Pichu,85.6,89.5,84.8,89.4
359,205.4,0,0,0,30,68,78.8,Chansey,84.5,78.7,76.2,103.8
360,242.1,1,0,1,18,83,50.7,Pichu,85.2,90.1,78.2,88.1
361,221.1,1,0,1,36,79,76.3,Chansey,95.4,94.9,77.7,96.2
362,242.8,1,0,1,25,80,55.0,Chansey,90.8,92.5,79.3,93.2
363,199.9,0,0,0,25,32,64.1,Golbat,80.8,75.3,72.4,91.8
364,232.5,1,1,0,27,72,4.0,Golbat,76.5,78.9,81.3,90.2
365,225.5,1,0,1,29,83,57.1,Golbat,94.0,91.3,74.4,86.0
366,233.0,1,0,1,32,58,48.8,Eevee,97.2,87.6,88.0,97.8
367,193.1,0,0,0,36,57,31.3,Pichu,65.0,69.0,72.2,78.6
368,240.4,1,0,1,31,68,33.9,Golbat,95.4,90.0,74.2,96.2
369,231.5,1,0,1,25,79,72.6,Golbat,94.4,88.9,81.4,88.4
370,209.6,0,0,0,44,50,49.6,Togepi,86.2,78.6,78.2,97.5
371,213.4,0,0,0,14,73,65.4,Golbat,60.8,68.8,75.0,81.1
372,225.8,1,0,1,51,51,39.3,Chansey,95.6,90.9,83.7,87.2
373,202.6,0,0,0,36,51,48.4,Eevee,86.6,70.0,78.9,93.8
374,236.7,1,0,1,14,74,43.5,Pichu,92.2,77.6,70.5,85.0
375,216.3,0,0,0,34,59,47.8,Chansey,80.1,71.1,90.4,95.2
376,260.9,1,0,1,37,84,64.4,Chansey,96.3,93.7,82.4,93.7
377,230.7,1,0,1,23,79,54.0,Golbat,87.5,83.2,76.4,86.5
378,174.9,0,0,0,33,29,81.2,Togepi,75.7,76.4,75.4,81.8
379,262.1,1,0,1,44,55,48.8,Chansey,96.1,100.6,92.8,96.2
380,203.4,0,0,0,32,44,57.1,Pichu,75.8,77.8,69.5,86.9
381,272.5,1,0,1,13,85,28.2,Golbat,93.0,83.7,85.0,98.7
382,170.6,0,0,0,54,38,44.6,Pichu,87.8,75.9,63.6,84.3
383,238.6,1,0,1,34,84,56.1,Eevee,89.6,89.6,80.1,90.7
384,280.0,1,0,1,23,72,45.8,Togepi,93.8,87.9,79.9,94.2
385,207.2,0,0,0,32,63,53.4,Chansey,79.7,72.2,79.7,89.4
386,165.9,0,0,0,37,26,32.6,Togepi,73.0,66.0,67.0,83.6
387,213.9,0,0,0,14,60,34.2,Chansey,66.3,68.8,65.6,83.2
388,247.6,1,0,1,33,83,64.5,Togepi,102.9,93.3,82.9,97.7
389,233.0,1,0,1,24,75,84.6,Chansey,93.2,92.0,98.5,96.7
390,216.0,0,0,0,27,38,41.4,Golbat,75.1,74.1,84.2,86.6
391,220.4,1,0,1,22,61,38.6,Eevee,79.4,85.6,75.4,88.1
392,236.1,1,0,1,30,78,45.7,Eevee,98.7,95.9,77.6,90.0
393,193.2,0,0,0,41,40,59.3,Chansey,68.1,73.1,77.7,93.4
394,222.9,1,0,1,28,52,37.8,Togepi,85.7,88.4,75.0,84.7
395,196.2,0,0,0,14,52,77.5,Chansey,62.6,64.4,57.7,82.9
396,261.6,1,0,1,29,86,60.6,Togepi,91.3,93.5,83.7,97.2
397,280.0,1,0,1,21,74,10.5,Eevee,85.2,89.9,77.6,91.3
398,220.5,1,0,1,21,62,68.1,Chansey,88.1,92.8,76.7,91.3
399,216.3,0,0,0,35,54,42.9,Eevee,76.5,74.3,81.3,98.0
400,210.2,0,0,0,26,49,79.4,Pichu,76.9,72.5,88.7,88.3
401,244.0,1,0,1,44,80,60.4,Golbat,98.5,100.4,94.0,94.6
402,233.5,1,0,1,29,68,65.0,Golbat,91.5,88.8,84.7,97.7
403,194.9,0,0,0,15,42,65.0,Chansey,66.8,68.4,65.7,84.1
404,179.6,0,0,0,19,35,36.7,Eevee,65.3,68.7,73.2,82.2
405,211.2,0,0,0,39,54,41.6,Togepi,78.0,73.1,74.1,92.6
406,185.6,0,0,0,34,34,49.9,Togepi,75.5,64.2,79.5,86.8
407,250.8,1,0,1,25,84,42.5,Chansey,82.1,84.8,82.4,97.5
408,220.9,1,0,1,36,60,63.9,Chansey,102.3,85.4,84.5,95.7
409,213.2,0,0,0,25,59,28.0,Eevee,67.9,65.7,81.8,84.9
410,208.7,0,0,0,32,63,46.5,Eevee,87.6,72.8,82.0,90.8
411,189.8,0,0,0,16,23,51.4,Togepi,63.8,72.2,71.4,81.6
412,216.7,0,0,0,33,66,44.6,Golbat,73.3,76.2,77.9,86.7
413,196.6,0,0,0,25,53,74.2,Togepi,75.4,68.7,77.6,80.1
414,186.1,0,0,0,31,45,41.6,Golbat,62.7,61.6,73.9,82.2
415,229.0,1,0,1,37,52,49.8,Golbat,97.4,90.2,81.4,96.5
416,216.0,0,0,0,10,61,65.5,Chansey,78.7,72.8,73.7,90.5
417,228.1,1,0,1,49,80,53.9,Eevee,106.9,100.2,83.9,96.0
418,211.0,0,0,0,39,71,64.5,Pichu,74.4,82.4,74.6,90.4
419,198.4,0,0,0,35,47,41.1,Chansey,71.3,69.8,73.6,87.3
420,219.5,0,0,0,18,42,34.6,Togepi,79.2,79.2,66.6,90.8
421,150.0,0,0,0,32,36,56.0,Pichu,66.2,69.8,65.9,77.4
422,232.1,1,0,1,17,64,45.5,Chansey,92.1,80.4,77.5,79.3
423,218.1,0,0,0,10,75,37.4,Chansey,86.4,66.7,72.1,81.2
424,236.9,1,0,1,53,56,21.2,Eevee,97.2,92.4,90.6,92.5
425,174.8,0,0,0,34,18,38.0,Togepi,78.2,68.5,74.0,89.2
426,216.0,0,0,0,24,55,35.5,Eevee,70.8,78.6,64.3,88.6
427,276.2,1,0,1,24,74,48.3,Golbat,101.9,91.8,78.3,104.1
428,232.9,1,0,1,31,82,60.1,Eevee,90.8,83.6,82.9,97.6
429,219.4,0,0,0,23,40,64.3,Eevee,82.1,76.0,71.3,95.2
430,279.1,1,0,1,31,86,42.3,Chansey,95.3,97.4,83.6,100.6
431,234.4,1,1,0,23,57,47.7,Eevee,81.6,85.3,71.0,88.4
432,237.3,1,0,1,31,89,23.6,Pichu,91.2,86.0,75.4,89.1
433,216.6,0,0,0,36,54,60.5,Chansey,70.8,75.7,81.1,87.9
434,264.9,1,0,1,16,79,43.1,Pichu,86.0,90.6,81.2,87.2
435,225.5,1,0,1,31,68,29.5,Pichu,87.6,79.6,73.5,90.2
436,234.4,1,0,1,16,63,52.2,Togepi,91.0,79.7,78.5,88.7
437,201.6,0,0,0,30,35,55.9,Chansey,82.1,76.6,72.4,85.7
438,181.0,0,0,0,23,52,29.0,Pichu,62.8,66.2,69.7,76.2
439,249.7,1,0,1,27,78,68.6,Togepi,92.7,86.6,83.4,91.4
440,203.8,0,0,0,34,61,54.1,Eevee,76.9,72.1,79.1,90.9
441,193.4,0,0,0,30,35,28.9,Pichu,65.7,84.0,67.4,75.3
442,181.5,0,0,0,36,34,28.5,Golbat,81.0,67.9,68.4,83.3
443,201.9,0,0,0,13,50,25.0,Pichu,69.4,67.9,65.3,72.0
444,158.1,0,0,0,25,42,66.0,Chansey,69.2,57.2,72.1,81.4
445,213.2,0,0,0,23,41,70.6,Pichu,78.1,78.8,77.3,88.1
446,223.6,1,0,1,29,60,60.5,Chansey,87.7,88.5,71.7,86.4
447,232.6,1,0,1,25,67,35.9,Chansey,86.3,89.7,70.9,90.2
448,195.3,0,0,0,22,54,55.1,Togepi,73.5,72.6,75.3,80.2
449,203.8,0,0,0,29,64,54.4,Chansey,79.9,70.4,71.9,96.7
450,229.0,1,0,1,41,53,51.7,Golbat,97.4,97.8,77.8,92.3
451,243.4,1,0,1,30,77,43.5,Pichu,98.9,88.9,73.1,100.9
452,280.0,1,0,1,31,87,46.2,Eevee,98.8,94.5,91.3,97.3
453,203.2,0,0,0,31,52,57.7,Eevee,77.3,85.8,72.2,87.5
454,223.6,1,0,1,32,71,41.1,Chansey,87.3,92.2,75.1,90.9
455,280.0,1,0,1,31,88,29.8,Eevee,92.4,93.1,78.0,95.5
456,246.7,1,0,1,35,87,44.4,Togepi,93.8,87.7,77.1,91.0
457,161.2,0,0,0,37,44,40.2,Golbat,64.9,64.7,69.1,87.3
458,280.0,1,0,1,28,100,90.6,Eevee,99.5,102.0,86.6,112.8
459,261.8,1,1,0,22,84,43.7,Eevee,76.0,97.9,75.1,85.8
460,218.1,0,0,0,25,86,44.0,Togepi,76.9,82.7,76.2,89.0
461,235.7,1,0,1,20,43,36.1,Chansey,78.6,82.3,78.6,84.8
462,177.6,0,0,0,33,29,56.4,Eevee,74.3,73.7,70.2,92.2
463,200.5,0,0,0,35,40,44.2,Eevee,76.8,83.0,71.2,89.7
464,209.7,0,0,0,36,50,42.4,Eevee,77.2,71.1,76.4,96.3
465,247.1,1,0,1,47,81,43.8,Golbat,94.5,91.5,84.3,104.4
466,219.0,0,0,0,44,57,35.6,Eevee,76.4,83.2,75.0,84.7
467,186.1,0,0,0,29,37,63.7,Togepi,72.8,69.4,73.8,81.6
468,192.5,0,0,0,35,37,31.8,Togepi,70.1,74.5,65.6,82.6
469,229.4,1,0,1,26,71,66.8,Pichu,87.8,94.4,79.8,91.9
470,235.8,1,0,1,16,65,45.1,Chansey,82.4,78.9,80.7,83.8
471,209.5,0,0,0,32,52,60.7,Togepi,82.2,85.0,77.3,91.2
472,201.6,0,0,0,35,46,47.2,Chansey,72.1,80.6,74.1,93.2
473,268.6,1,0,1,27,88,60.5,Togepi,96.2,96.7,87.0,94.2
474,248.5,1,0,1,40,72,56.0,Chansey,96.4,88.8,92.5,105.6
475,234.0,1,0,1,28,58,64.1,Pichu,94.7,93.1,81.3,94.9
476,280.0,1,0,1,27,100,58.3,Togepi,100.9,97.7,86.2,99.9
477,230.3,1,0,1,22,61,45.6,Golbat,86.9,92.8,80.2,90.0
478,216.9,0,0,0,28,72,73.3,Golbat,74.0,84.7,87.0,88.2
479,226.7,1,0,1,18,47,37.8,Togepi,92.0,79.6,68.9,83.9
480,258.3,1,0,1,30,78,45.7,Pichu,99.9,93.8,83.6,98.5
481,215.0,0,0,0,37,65,49.9,Pichu,75.8,77.5,78.1,95.2
482,244.3,1,0,1,43,70,33.3,Pichu,100.2,91.0,76.0,95.7
483,224.8,1,0,1,22,53,47.9,Chansey,85.3,93.1,78.1,86.0
484,203.8,0,0,0,31,50,74.8,Chansey,82.2,75.5,67.4,83.6
485,235.1,1,0,1,37,64,50.2,Togepi,87.9,86.2,79.4,101.5
486,223.3,1,0,1,39,58,55.8,Togepi,85.2,92.0,90.0,95.6
487,215.8,0,0,0,26,55,53.3,Eevee,66.4,77.6,81.0,84.5
488,218.6,0,0,0,10,62,77.0,Togepi,78.8,71.8,76.8,96.1
489,221.8,1,0,1,36,60,55.8,Togepi,93.9,94.3,81.8,92.6
490,254.0,1,0,1,30,74,49.1,Chansey,82.1,99.6,78.5,89.2
491,240.3,1,0,1,34,53,40.0,Chansey,93.3,86.0,76.1,98.8
492,197.2,0,0,0,17,61,58.5,Eevee,65.7,61.0,68.5,88.1
493,233.1,1,1,0,37,68,44.2,Togepi,74.3,89.4,72.3,88.7
494,267.9,1,0,1,28,85,38.8,Eevee,88.7,83.8,88.1,101.5
495,262.8,1,0,1,33,70,46.9,Chansey,94.6,88.0,87.4,97.9
496,182.2,0,0,0,44,34,37.0,Eevee,76.9,81.4,70.4,88.0
497,215.5,0,0,0,31,59,39.7,Golbat,74.7,77.7,75.1,84.0
498,233.0,1,0,1,36,73,53.7,Pichu,90.9,92.3,81.1,94.9
499,192.2,0,0,0,22,27,41.9,Golbat,69.1,75.1,69.3,80.2
500,204.2,0,0,0,45,49,58.5,Eevee,85.3,82.7,79.1,97.7
501,203.6,0,0,0,25,46,48.6,Togepi,72.2,78.4,70.0,96.5
502,192.0,0,0,0,21,40,33.8,Golbat,67.9,69.1,59.0,77.1
503,212.3,0,0,0,36,50,29.2,Togepi,76.7,78.1,74.4,86.6
504,243.3,1,0,1,25,61,42.7,Eevee,86.8,89.0,84.5,91.8
505,234.9,1,0,1,41,93,49.0,Pichu,91.5,89.8,83.8,91.6
506,280.0,1,0,1,27,81,51.1,Chansey,107.6,84.8,89.3,98.6
507,234.2,1,0,1,21,58,29.0,Chansey,83.0,93.1,76.1,83.4
508,245.1,1,0,1,18,79,32.0,Golbat,85.7,79.3,81.2,85.7
509,193.3,0,0,0,37,37,34.0,Eevee,77.3,72.4,75.9,82.5
510,233.7,1,0,1,29,60,48.4,Pichu,86.5,94.8,75.0,89.1
511,223.8,1,0,1,21,75,11.2,Togepi,83.3,85.6,66.0,86.5
512,242.3,1,0,1,43,92,42.1,Eevee,92.5,94.0,80.7,96.4
513,223.3,1,1,0,20,53,32.3,Eevee,76.4,89.8,78.7,76.3
514,241.6,1,0,1,38,69,81.0,Golbat,88.3,85.0,83.2,102.6
515,228.6,1,1,0,32,68,38.6,Pichu,74.2,86.9,82.8,92.6
516,236.3,1,0,1,22,61,52.9,Eevee,96.5,87.2,81.0,88.1
517,261.8,1,1,0,32,88,74.5,Golbat,86.8,96.2,87.2,101.6
518,243.2,1,0,1,45,77,43.1,Golbat,101.8,95.4,75.1,93.5
519,214.0,0,0,0,26,68,62.4,Eevee,77.4,76.9,80.4,84.9
520,229.8,1,0,1,38,72,40.6,Golbat,96.2,95.6,80.7,91.9
521,181.7,0,0,0,23,35,36.9,Togepi,65.4,69.7,65.8,82.5
522,218.6,0,0,0,16,48,45.2,Golbat,76.4,66.7,73.8,88.5
523,233.1,1,1,0,40,60,32.5,Togepi,80.2,95.0,70.7,89.8
524,176.3,0,0,0,38,37,46.5,Golbat,68.1,77.5,76.5,78.4
525,202.7,0,0,0,37,46,44.8,Togepi,75.6,72.9,77.0,93.9
526,200.5,0,0,0,31,45,57.1,Chansey,75.8,77.8,74.7,79.9
527,200.8,0,0,0,37,40,64.2,Togepi,78.1,82.8,80.3,85.7
528,193.4,0,0,0,34,41,41.8,Golbat,71.8,70.7,74.2,83.7
529,229.8,1,0,1,42,40,61.7,Togepi,95.6,100.6,97.5,104.3
530,231.3,1,0,1,22,53,49.6,Golbat,90.2,88.1,78.7,87.5
531,179.9,0,0,0,27,37,47.8,Eevee,75.3,67.5,64.1,83.3
532,223.6,1,0,1,34,79,44.2,Pichu,89.4,86.9,70.9,93.2
533,156.1,0,0,0,36,55,50.9,Pichu,71.7,65.7,70.2,87.8
534,182.4,0,0,0,34,41,27.7,Golbat,66.8,68.9,64.2,79.9
535,218.1,0,0,0,18,56,42.2,Golbat,74.5,68.9,70.5,75.5
536,238.9,1,0,1,15,76,53.1,Togepi,92.2,87.9,78.8,91.7
537,236.9,1,0,1,30,72,59.6,Golbat,97.5,99.5,82.7,87.5
538,223.4,1,0,1,22,62,39.1,Eevee,77.8,83.4,72.7,82.0
539,226.8,1,0,1,41,62,43.4,Togepi,91.1,84.1,87.3,86.2
540,211.7,0,0,0,19,44,59.9,Togepi,83.2,70.0,75.3,85.3
541,186.1,0,0,0,20,33,55.0,Golbat,69.3,67.1,70.8,89.7
542,208.9,0,0,0,26,55,46.1,Pichu,73.5,66.5,75.9,85.0
543,271.6,1,0,1,23,85,37.1,Togepi,89.7,90.7,90.1,98.2
544,235.5,1,0,1,41,54,52.4,Golbat,87.3,94.7,81.5,89.4
545,219.9,0,0,0,27,68,35.0,Eevee,78.7,69.6,73.1,96.1
546,224.1,1,1,0,26,60,54.1,Pichu,74.0,84.9,73.3,81.7
547,158.4,0,0,0,14,37,59.2,Eevee,61.3,58.8,68.4,77.8
548,226.2,1,0,1,23,58,64.9,Chansey,88.6,81.8,79.2,96.4
549,254.0,1,0,1,19,63,64.6,Eevee,106.6,89.5,74.9,86.4
550,213.3,0,0,0,29,67,37.0,Chansey,78.2,74.4,75.3,86.4
551,167.2,0,0,0,39,24,45.6,Pichu,68.0,82.1,73.4,85.0
552,279.9,1,0,1,22,100,58.8,Eevee,97.0,98.9,91.2,91.3
553,197.8,0,0,0,35,42,39.1,Chansey,76.7,67.6,74.6,83.9
554,230.5,1,0,1,34,73,32.6,Togepi,89.4,92.3,77.4,92.5
555,181.2,0,0,0,31,41,42.5,Chansey,72.7,67.6,71.6,77.3
556,259.2,1,0,1,28,86,60.9,Golbat,100.5,94.7,85.3,93.6
557,215.1,0,0,0,31,51,85.5,Pichu,87.5,82.7,80.4,91.1
558,228.3,1,1,0,39,48,45.7,Chansey,81.9,86.9,82.7,91.2
559,235.5,1,0,1,16,89,40.9,Togepi,87.4,89.7,81.2,83.0
560,246.7,1,0,1,32,77,47.5,Togepi,91.7,91.3,73.0,97.2
561,206.1,0,0,0,28,64,64.2,Togepi,73.6,68.0,76.1,93.0
562,240.0,1,0,1,21,68,73.5,Pichu,93.6,82.6,79.8,95.7
563,226.4,1,0,1,16,68,72.9,Golbat,80.3,85.5,75.1,83.6
564,232.9,1,0,1,18,86,52.4,Chansey,83.4,92.4,78.6,85.0
565,183.2,0,0,0,26,39,35.5,Togepi,73.8,69.1,68.8,77.0
566,197.2,0,0,0,30,49,56.9,Pichu,76.8,69.9,75.0,86.8
567,229.2,1,0,1,44,66,55.5,Togepi,98.3,102.9,87.1,93.4
568,249.0,1,0,1,25,89,65.8,Togepi,104.8,95.5,78.8,86.8
569,204.7,0,0,0,27,73,47.2,Togepi,86.6,75.4,67.5,94.4
570,151.6,0,0,0,27,22,59.3,Pichu,67.7,68.0,63.0,82.4
571,261.5,1,0,1,29,83,37.9,Chansey,99.7,92.8,84.9,91.7
572,280.0,1,0,1,47,100,26.1,Golbat,91.2,106.6,87.3,103.9
573,242.6,1,0,1,25,65,87.4,Togepi,96.8,94.7,87.2,97.0
574,213.0,0,0,0,21,49,28.9,Pichu,69.3,70.3,75.2,79.8
575,229.1,1,0,1,32,72,47.7,Eevee,89.3,81.1,76.1,100.5
576,205.6,0,0,0,30,38,64.5,Golbat,77.9,74.4,69.4,86.1
577,228.4,1,0,1,45,63,83.7,Golbat,102.2,103.3,81.8,107.8
578,249.2,1,1,0,27,66,47.2,Eevee,78.7,88.3,79.7,98.7
579,242.9,1,1,0,36,70,53.9,Golbat,83.0,92.0,80.9,94.8
580,185.3,0,0,0,28,52,54.1,Pichu,72.8,71.7,63.7,72.6
581,241.9,1,0,1,43,80,67.0,Pichu,109.1,104.9,91.2,104.0
582,171.5,0,0,0,26,32,79.4,Togepi,73.7,74.5,67.9,85.4
583,230.4,1,0,1,33,62,40.5,Chansey,93.4,80.1,81.4,78.5
584,224.9,1,0,1,15,63,34.9,Chansey,87.3,75.8,76.8,87.9
585,220.7,1,0,1,23,45,50.3,Togepi,91.6,79.4,70.6,87.3
586,227.5,1,0,1,23,73,31.3,Golbat,91.4,79.9,73.6,86.8
587,280.0,1,0,1,35,83,21.8,Eevee,91.5,101.7,91.7,103.8
588,192.3,0,0,0,34,41,50.0,Chansey,74.7,79.7,72.6,79.0
589,226.3,1,0,1,38,62,39.3,Pichu,93.3,95.2,82.3,84.0
590,231.2,1,0,1,20,76,68.9,Pichu,98.8,87.6,72.3,86.1
591,223.3,1,0,1,39,63,46.9,Chansey,89.7,84.5,81.1,95.9
592,191.0,0,0,0,18,50,43.5,Pichu,71.0,76.3,65.4,78.8
593,191.4,0,0,0,17,37,57.8,Togepi,75.3,72.2,72.1,82.8
594,188.6,0,0,0,35,32,36.9,Golbat,66.3,76.5,78.4,73.3
595,256.7,1,0,1,32,84,54.8,Togepi,93.5,87.4,81.2,101.2
596,218.5,0,0,0,28,78,27.7,Eevee,73.3,72.6,83.1,89.0
597,250.8,1,1,0,30,77,75.4,Chansey,77.8,95.9,80.1,92.9
598,235.3,1,0,1,22,74,38.0,Golbat,85.2,84.6,94.2,92.9
599,210.3,0,0,0,25,54,55.3,Togepi,87.0,72.1,76.8,90.0
600,173.8,0,0,0,15,43,49.6,Pichu,65.7,69.2,65.3,81.4
601,257.2,1,0,1,25,68,31.4,Chansey,80.6,88.8,82.4,97.4
602,228.1,1,0,1,32,74,47.7,Eevee,97.0,90.9,73.6,85.3
603,194.9,0,0,0,33,57,35.7,Golbat,74.5,65.8,75.2,85.8
604,208.1,0,0,0,27,64,29.3,Eevee,72.6,63.6,71.5,81.6
605,153.5,0,0,0,28,12,35.1,Togepi,66.5,67.0,55.3,72.4
606,191.1,0,0,0,25,40,58.6,Eevee,66.3,70.9,81.1,80.3
607,209.8,0,0,0,46,46,50.0,Chansey,80.3,84.9,78.2,92.2
608,197.2,0,0,0,35,42,50.9,Eevee,78.1,72.0,77.8,89.9
609,280.0,1,0,1,29,75,71.1,Pichu,104.7,100.0,91.1,94.4
610,218.5,0,0,0,30,61,64.8,Eevee,77.8,85.0,80.5,92.7
611,190.7,0,0,0,20,55,51.9,Eevee,62.8,72.3,72.0,79.5
612,157.8,0,0,0,15,17,79.6,Golbat,70.8,64.4,70.1,89.9
613,219.8,0,0,0,22,63,38.8,Eevee,74.0,65.2,82.8,81.6
614,186.3,0,0,0,11,32,50.7,Togepi,68.0,54.8,71.6,85.0
615,173.2,0,0,0,24,28,76.6,Eevee,64.1,71.3,72.2,73.6
616,224.6,1,0,1,27,53,56.0,Eevee,92.6,88.8,74.3,86.6
617,237.9,1,0,1,35,72,29.1,Golbat,90.9,85.9,73.0,90.2
618,252.9,1,0,1,17,63,33.2,Golbat,87.7,89.1,72.8,88.6
619,214.9,0,0,0,50,50,64.1,Pichu,91.4,84.8,91.2,94.3
620,204.0,0,0,0,23,46,49.7,Pichu,59.0,74.2,71.7,89.3
621,225.4,1,0,1,26,70,40.4,Togepi,90.7,88.6,69.0,94.2
622,240.8,1,0,1,34,94,56.6,Togepi,96.9,88.9,75.0,87.6
623,263.8,1,0,1,22,89,44.8,Pichu,92.0,87.4,82.4,90.8
624,219.4,0,0,0,41,63,82.8,Golbat,85.1,88.5,87.0,88.3
625,208.8,0,0,0,30,61,68.0,Golbat,80.9,74.8,78.1,93.3
626,193.1,0,0,0,18,35,54.2,Pichu,72.3,74.1,70.4,90.2
627,227.1,1,0,1,32,67,54.7,Chansey,94.8,95.1,79.6,94.0
628,168.1,0,0,0,25,43,25.3,Golbat,70.6,70.1,61.0,80.8
629,173.8,0,0,0,26,35,28.3,Togepi,68.3,70.8,66.9,73.5
630,214.0,0,0,0,39,82,37.7,Eevee,79.2,84.1,78.5,91.2
631,236.3,1,0,1,27,82,55.9,Chansey,85.2,84.0,73.2,86.3
632,229.6,1,0,1,27,53,35.8,Togepi,76.0,82.6,76.4,87.9
633,237.9,1,0,1,43,49,53.9,Golbat,88.1,85.2,77.0,92.8
634,174.3,0,0,0,32,46,31.0,Togepi,69.6,64.6,58.5,80.8
635,259.7,1,0,1,25,74,42.1,Eevee,96.1,93.3,71.8,98.1
636,258.8,1,0,1,32,77,61.2,Pichu,103.5,98.5,94.8,103.6
637,259.0,1,0,1,33,68,53.0,Eevee,95.4,101.0,83.4,99.3
638,235.1,1,0,1,28,54,57.5,Eevee,100.0,87.9,83.5,84.5
639,250.7,1,0,1,21,72,37.1,Togepi,92.9,84.0,81.2,90.9
640,232.1,1,0,1,42,58,34.9,Eevee,94.5,96.9,75.8,99.1
641,235.9,1,1,0,37,71,32.4,Eevee,88.4,85.8,77.3,92.3
642,241.1,1,0,1,41,47,68.2,Golbat,91.5,104.8,84.1,88.5
643,165.1,0,0,0,27,27,39.3,Togepi,71.1,58.1,59.5,62.9
644,150.0,0,0,0,43,38,53.1,Chansey,81.5,74.6,69.8,80.9
645,231.5,1,0,1,24,51,57.9,Pichu,90.7,83.2,86.3,92.6
646,217.1,0,0,0,28,60,37.2,Pichu,69.2,80.4,76.3,90.8
647,227.0,1,0,1,19,69,44.4,Togepi,90.0,86.7,65.9,82.3
648,280.0,1,0,1,44,79,53.6,Chansey,101.2,102.6,88.1,97.3
649,175.6,0,0,0,45,39,62.8,Chansey,83.1,80.5,75.7,92.8
650,223.8,1,0,1,13,50,48.5,Eevee,81.6,84.9,71.4,89.1
651,199.1,0,0,0,31,44,39.5,Chansey,77.4,73.1,71.9,76.6
652,178.1,0,0,0,32,51,40.0,Eevee,74.5,71.7,65.1,83.0
653,150.0,0,0,0,23,7,19.5,Chansey,62.1,56.8,60.8,70.8
654,194.2,0,0,0,30,48,66.7,Chansey,72.7,76.3,71.5,93.1
655,226.8,1,0,1,31,63,44.5,Golbat,95.6,86.5,80.3,93.4
656,179.8,0,0,0,20,38,36.0,Togepi,67.8,59.7,63.1,76.5
657,202.3,0,0,0,24,36,77.5,Golbat,75.4,74.0,76.1,84.6
658,234.0,1,0,1,25,57,38.4,Togepi,93.5,87.0,72.6,84.9
659,213.7,0,0,0,11,37,43.6,Eevee,59.4,73.7,67.2,91.2
660,179.2,0,0,0,34,35,31.5,Togepi,65.0,63.0,69.5,77.3
661,203.0,0,0,0,35,54,72.0,Pichu,77.4,78.2,81.4,87.7
662,176.0,0,0,0,25,24,44.7,Eevee,61.6,70.7,69.1,79.6
663,189.4,0,0,0,32,55,54.5,Chansey,63.9,86.9,77.1,83.0
664,188.4,0,0,0,38,55,45.3,Togepi,77.4,67.1,79.4,80.2
665,189.8,0,0,0,24,44,63.0,Pichu,76.7,74.9,70.2,80.4
666,222.8,1,0,1,31,62,65.3,Eevee,91.5,86.0,83.4,83.5
667,224.0,1,0,1,20,65,43.3,Pichu,80.8,80.1,66.2,95.5
668,235.3,1,0,1,30,75,45.7,Pichu,93.8,79.7,80.1,92.7
669,211.0,0,0,0,50,53,62.1,Togepi,88.1,82.3,75.1,95.3
670,273.5,1,0,1,41,89,52.7,Pichu,100.7,95.9,90.5,100.9
671,247.3,1,1,0,39,53,55.9,Chansey,85.7,97.3,92.2,93.8
672,216.2,0,0,0,20,72,49.0,Togepi,70.4,79.0,74.2,84.6
673,150.0,0,0,0,35,41,33.7,Togepi,56.5,71.0,67.2,74.2
674,202.3,0,0,0,11,49,35.3,Togepi,65.1,66.2,71.5,86.4
675,230.7,1,0,1,38,64,43.8,Eevee,98.5,85.7,80.7,92.8
676,218.0,0,0,0,31,43,42.3,Chansey,88.0,77.1,73.9,89.0
677,244.5,1,0,1,28,82,51.6,Golbat,96.7,94.8,75.0,85.4
678,183.2,0,0,0,30,39,58.7,Golbat,64.4,73.2,74.3,86.8
679,230.3,1,0,1,40,61,49.6,Eevee,86.0,92.4,88.3,89.2
680,230.7,1,0,1,29,45,51.5,Eevee,95.2,91.6,81.7,96.4
681,264.7,1,1,0,23,91,52.6,Golbat,82.0,91.5,84.3,97.6
682,227.5,1,0,1,24,68,50.5,Golbat,96.4,82.2,65.7,89.4
683,210.7,0,0,0,22,62,51.3,Pichu,67.4,70.5,78.9,80.7
684,278.1,1,0,1,28,88,60.9,Chansey,94.3,95.8,83.1,89.7
685,221.0,1,0,1,22,57,46.1,Eevee,77.4,83.3,78.6,81.0
686,240.6,1,0,1,37,59,64.0,Chansey,95.8,93.7,85.3,97.0
687,191.8,0,0,0,30,54,41.7,Eevee,71.7,69.3,71.1,84.0
688,241.9,1,1,0,37,70,63.1,Pichu,89.7,92.2,87.1,95.1
689,217.7,0,0,0,27,46,54.5,Togepi,78.2,89.0,83.2,81.3
690,221.0,1,0,1,23,58,53.3,Togepi,86.5,91.6,73.8,82.7
691,216.7,0,0,0,45,63,64.4,Chansey,87.5,79.7,78.0,99.0
692,219.6,0,0,0,32,64,46.3,Togepi,80.2,78.2,79.8,93.7
693,273.1,1,0,1,35,80,52.6,Togepi,104.1,96.9,90.6,96.0
694,217.9,0,0,0,20,35,51.4,Pichu,86.9,69.7,76.0,80.2
695,197.2,0,0,0,28,51,42.1,Togepi,69.1,67.6,83.9,86.5
696,180.1,0,0,0,17,36,26.4,Golbat,70.6,61.3,67.6,81.9
697,242.8,1,0,1,31,62,45.5,Eevee,82.4,82.1,80.7,99.6
698,266.7,1,0,1,40,69,34.7,Pichu,99.9,97.7,90.9,87.2
699,195.3,0,0,0,19,36,38.1,Togepi,67.9,74.6,74.0,80.4
700,200.1,0,0,0,28,57,52.9,Chansey,72.0,70.7,72.4,87.9
701,188.3,0,0,0,27,60,44.6,Golbat,66.4,71.4,65.8,84.7
702,167.1,0,0,0,43,35,43.3,Eevee,60.1,68.9,72.5,88.9
703,173.1,0,0,0,30,20,44.9,Chansey,72.1,69.4,74.3,86.4
704,212.7,0,0,0,30,51,66.9,Chansey,72.7,76.2,79.4,89.5
705,170.3,0,0,0,36,41,42.8,Togepi,65.6,71.0,63.8,79.9
706,245.2,1,0,1,32,75,60.1,Eevee,100.9,95.4,80.7,97.9
707,178.3,0,0,0,26,42,40.9,Pichu,73.5,74.6,75.8,84.1
708,175.9,0,0,0,23,34,50.1,Chansey,65.4,74.9,75.4,89.8
709,170.3,0,0,0,30,26,65.3,Pichu,65.7,71.7,76.9,82.1
710,237.8,1,0,1,42,66,39.4,Pichu,99.7,92.8,72.6,97.9
711,275.0,1,0,1,43,72,69.6,Eevee,99.7,99.7,93.4,96.8
712,195.1,0,0,0,29,55,34.6,Pichu,70.6,73.2,70.1,82.9
713,218.4,0,0,0,27,59,51.6,Togepi,79.9,77.5,84.1,87.6
714,236.7,1,0,1,35,72,48.7,Togepi,100.9,103.6,73.9,94.6
715,197.8,0,0,0,17,47,65.8,Togepi,73.7,69.4,64.7,82.4
716,280.0,1,0,1,26,95,30.2,Pichu,92.6,98.0,81.4,92.1
717,230.2,1,0,1,35,56,67.5,Golbat,95.0,94.9,85.4,93.6
718,247.2,1,0,1,39,71,21.0,Pichu,84.6,99.7,78.8,91.0
719,241.6,1,0,1,32,56,75.5,Golbat,96.3,91.5,78.0,100.5
720,232.4,1,0,1,35,66,68.4,Togepi,92.8,95.2,77.9,101.3
721,232.4,1,0,1,18,60,67.4,Pichu,93.8,80.5,82.1,90.0
722,244.7,1,0,1,25,75,58.8,Golbat,91.8,87.9,90.1,91.8
723,218.5,0,0,0,29,73,53.8,Eevee,79.6,80.0,74.6,89.6
724,264.1,1,0,1,29,80,47.4,Eevee,95.9,96.5,83.1,94.9
725,230.6,1,0,1,23,60,54.1,Golbat,88.7,91.6,80.3,93.6
726,217.7,0,0,0,23,60,37.5,Togepi,70.8,79.6,67.4,84.6
727,163.8,0,0,0,29,47,37.7,Pichu,70.7,73.0,73.3,77.5
728,205.2,0,0,0,29,60,76.0,Golbat,76.2,75.4,69.1,90.2
729,249.1,1,0,1,37,72,29.2,Pichu,94.4,84.9,82.6,95.6
730,206.1,0,0,0,46,49,42.0,Pichu,80.2,82.4,77.6,89.7
731,237.0,1,0,1,34,66,52.1,Golbat,84.3,92.3,82.2,90.3
732,187.8,0,0,0,46,49,51.7,Chansey,73.5,75.0,89.7,91.7
733,206.9,0,0,0,29,69,53.8,Togepi,74.2,75.3,76.6,83.3
734,255.2,1,0,1,19,66,39.9,Golbat,82.6,92.8,74.0,90.8
735,165.3,0,0,0,29,46,59.9,Chansey,61.5,72.4,68.1,77.9
736,248.7,1,0,1,46,74,69.3,Chansey,100.1,96.1,94.8,94.9
737,259.1,1,0,1,37,77,60.6,Chansey,94.4,97.9,91.5,102.4
738,210.2,0,0,0,22,71,45.7,Togepi,81.8,70.2,70.6,90.6
739,228.3,1,0,1,24,68,69.1,Golbat,90.1,93.7,77.3,91.9
740,245.1,1,0,1,30,71,42.4,Pichu,88.5,99.1,84.8,90.4
741,231.2,1,0,1,27,62,53.3,Togepi,82.1,97.1,74.1,89.8
742,233.1,1,0,1,29,52,42.5,Eevee,84.9,82.9,78.0,85.3
743,215.3,0,0,0,18,73,22.1,Golbat,67.3,71.3,76.5,77.8
744,180.3,0,0,0,41,53,14.9,Togepi,73.6,75.1,67.3,82.2
745,226.8,1,0,1,15,50,73.7,Eevee,88.5,92.9,74.7,94.7
746,224.9,1,0,1,34,55,90.6,Togepi,94.8,104.5,73.8,106.5
747,183.0,0,0,0,36,49,59.1,Chansey,69.7,73.2,77.6,86.7
748,188.0,0,0,0,30,37,54.0,Togepi,81.3,68.5,64.9,87.4
749,241.1,1,0,1,29,66,52.0,Eevee,94.3,89.3,72.9,97.5
750,200.5,0,0,0,35,49,30.4,Golbat,74.8,78.7,75.0,96.3
751,190.5,0,0,0,34,38,38.8,Chansey,69.8,76.0,81.9,86.7
752,221.2,1,1,0,35,66,57.0,Togepi,89.4,99.1,74.9,82.5
753,206.3,0,0,0,36,60,66.6,Pichu,86.2,76.7,85.6,91.0
754,248.1,1,0,1,24,72,32.4,Eevee,87.6,80.7,80.6,95.7
755,183.4,0,0,0,30,42,60.4,Chansey,69.3,75.7,68.8,82.2
756,207.4,0,0,0,33,60,8.1,Chansey,73.9,76.8,69.3,93.7
757,229.6,1,0,1,30,71,77.9,Eevee,91.3,83.2,81.9,97.7
758,253.8,1,0,1,11,75,22.1,Eevee,92.4,86.7,77.5,93.7
759,229.0,1,0,1,25,50,85.8,Chansey,94.3,93.8,71.8,92.2
760,220.7,1,0,1,42,31,57.9,Eevee,85.5,81.9,88.2,98.2
761,165.7,0,0,0,18,32,35.6,Togepi,68.3,59.1,60.4,85.9
762,249.5,1,0,1,46,80,36.6,Eevee,101.9,106.0,89.7,93.2
763,227.4,1,0,1,35,69,40.5,Togepi,96.5,81.4,70.1,89.3
764,203.2,0,0,0,46,64,42.2,Chansey,72.8,78.5,82.2,89.4
765,193.5,0,0,0,37,55,51.4,Golbat,82.0,80.7,75.2,78.4
766,176.8,0,0,0,30,30,69.0,Chansey,70.7,79.0,67.2,87.9
767,239.1,1,0,1,32,68,66.7,Togepi,100.4,84.2,93.3,88.5
768,188.2,0,0,0,30,55,69.3,Eevee,67.6,77.1,76.0,89.4
769,226.7,1,0,1,29,61,79.7,Pichu,95.1,90.7,86.6,89.5
770,208.4,0,0,0,40,70,60.1,Togepi,70.8,76.6,83.6,80.9
771,216.1,0,0,0,30,71,38.0,Pichu,79.3,79.7,64.6,84.5
772,266.4,1,0,1,23,87,31.3,Chansey,96.2,90.1,86.3,91.1
773,213.8,0,0,0,18,54,63.3,Togepi,73.6,74.9,78.3,86.4
774,237.2,1,0,1,22,73,59.5,Golbat,80.8,87.8,78.6,89.7
775,196.3,0,0,0,34,38,21.5,Togepi,74.0,69.4,75.2,81.6
776,182.0,0,0,0,32,39,33.1,Golbat,65.0,70.1,59.2,84.0
777,276.6,1,0,1,22,83,46.1,Togepi,95.3,85.9,79.7,96.5
778,150.0,0,0,0,39,17,33.4,Togepi,63.6,62.9,63.4,88.1
779,190.5,0,0,0,25,42,43.0,Pichu,77.2,69.6,70.9,83.3
780,236.7,1,0,1,14,78,0.0,Eevee,86.3,80.4,72.6,81.6
781,169.3,0,0,0,25,29,37.5,Pichu,60.5,78.3,61.6,72.5
782,187.5,0,0,0,34,27,54.0,Golbat,74.1,75.8,69.3,96.0
783,187.3,0,0,0,34,58,39.3,Chansey,76.0,65.1,72.6,92.1
784,208.0,0,0,0,28,30,52.6,Togepi,81.6,74.7,74.3,81.7
785,211.8,0,0,0,25,44,48.7,Pichu,73.6,78.8,87.4,83.3
786,224.9,1,0,1,29,53,54.7,Chansey,88.8,90.4,82.0,92.2
787,184.2,0,0,0,27,31,57.6,Chansey,72.4,64.2,75.6,77.9
788,227.8,1,0,1,46,58,43.8,Eevee,105.1,89.0,94.3,103.1
789,226.6,1,0,1,39,50,25.7,Golbat,91.8,93.3,83.7,100.4
790,280.0,1,0,1,21,98,57.6,Eevee,97.3,90.3,86.9,92.9
791,222.9,1,0,1,30,67,20.8,Pichu,86.8,84.2,78.0,88.2
792,197.5,0,0,0,32,40,41.6,Golbat,69.4,67.1,75.5,83.0
793,228.2,1,0,1,39,60,47.8,Pichu,90.2,95.6,67.6,88.5
794,165.0,0,0,0,39,33,49.1,Togepi,71.2,72.6,65.0,79.9
795,220.1,1,0,1,27,59,44.8,Togepi,92.0,84.4,71.9,84.2
796,199.7,0,0,0,24,49,28.4,Eevee,76.8,71.0,68.9,84.7
797,229.1,1,0,1,22,63,55.1,Togepi,86.2,83.2,73.5,84.5
798,253.5,1,0,1,33,80,46.5,Togepi,104.0,102.4,84.0,88.3
799,235.3,1,0,1,38,68,51.1,Togepi,94.8,84.6,75.5,98.1
800,228.6,1,0,1,29,68,65.8,Eevee,98.5,86.8,81.5,89.7
